Heart_Rate,RR_Mean,QRS_Duration,P_Amplitude,T_Amplitude,Label
72.16851135198614,0.8313875245030774,0.0968605145999843,0.0534758170536167,0.0718004699007739,Normal
99.38235800139871,0.6037288831399589,0.1023402445435314,0.0500596555345586,0.0828756124566059,Stress
67.40315017022994,0.8901661101664696,0.093376026620752,0.0642050424798985,0.0946302274020455,Normal
81.69617637438009,0.70779345470743,0.1121711941155304,0.0632353022724278,0.0765209434288301,Arrhythmia
78.28276804316914,0.7664522026982096,0.0780212210741115,0.0570030987940899,0.0644407850187084,Normal
101.99810433718712,0.58824622663232,0.105540577711159,0.0343376506810077,0.0620557902291809,Stress
70.1265916488634,0.855595553544523,0.1096472513291638,0.0442436217376222,0.0815754806597251,Normal
76.62041984697397,0.7830810653326069,0.09310907565598,0.0684895609494534,0.066381459132155,Normal
71.88650240089703,0.8346490369693003,0.0814391617409113,0.061087035805829,0.0554748331770454,Normal
71.08373353831881,0.8440749664289376,0.1062861554557129,0.0525602973431387,0.0516135150549648,Normal
73.49448152205356,0.8163878260981505,0.0849305682462887,0.0349685704688189,0.0685123620433092,Normal
115.08858580256556,0.5670167695357397,0.1378493060012866,0.0343720542951409,0.0483989351725991,Arrhythmia
113.4147591553088,0.5290316749501422,0.1044921872128503,0.0391072834821069,0.0764604467235929,Stress
75.8728890641592,0.7907963007611737,0.088576205149787,0.0675479418198436,0.0795275770252295,Normal
79.15887060501412,0.7579693790653887,0.1071271202886133,0.0531550102244426,0.0625349719117191,Stress
93.61129769232852,0.6082444932321285,0.0968376702184948,0.0502535398480071,0.0702158417705518,Arrhythmia
65.23956100238749,0.9196873657350983,0.0924822058630033,0.0684670732573603,0.0841115678198232,Normal
99.72420650765788,0.5356582117373022,0.103678542879459,0.0617274884483938,0.0207474861665484,Arrhythmia
107.78556231994496,0.5883968980188549,0.0941516015800007,0.0342404309207147,0.0472927522234874,Arrhythmia
65.43359877671101,0.9169601110393928,0.0981350963600063,0.0387451095270162,0.0936617991964521,Normal
74.93251387631032,0.8007205003029908,0.0907580455819372,0.0484199210142101,0.0482797914937563,Normal
108.33333911780306,0.5538461242734818,0.0963079279955255,0.032448646280266,0.0699366016806519,Stress
117.47363197915558,0.5107529152639662,0.1014808941979827,0.0446771938895052,0.0627305116965121,Stress
73.50496324767066,0.8162714101064648,0.0918334200573835,0.0675227044342362,0.0336418101005656,Normal
80.79896004688591,0.6948276860368751,0.1150747932298914,0.0402140960175465,0.0795163343868941,Arrhythmia
73.36168926701116,0.8178655726099867,0.1083145876585435,0.0561593560694426,0.059770236280033,Normal
82.38947022370758,0.7282484016110956,0.0687610427569019,0.0447547973372022,0.0554953578530618,Normal
99.26052434391607,0.6044699078166571,0.117349365758368,0.0390618859193129,0.0672404522340678,Stress
115.78118057562185,0.5182189342145403,0.1077934900390533,0.0266831775279397,0.0827283663943994,Stress
93.37027088627828,0.646724814333154,0.0989892630101683,0.0404919549311738,0.0667011605816823,Arrhythmia
75.29104359223,0.7969075355756122,0.0812438174661524,0.0502831837613046,0.0837449151205372,Normal
107.68207216631735,0.5571958153566051,0.1228165183653884,0.0499619918736331,0.0688579845553389,Stress
76.20981135783018,0.7873002036218175,0.0982541634898803,0.0527996862631982,0.0737407552556613,Normal
77.46979420110364,0.7232860684944027,0.1057773952234461,0.0015649951180703,0.0678139184185628,Arrhythmia
86.79835693604689,0.659079833038418,0.1006937908643989,0.0104484427343224,0.0711102529268449,Arrhythmia
94.7375214348258,0.6333287919219704,0.0880321135357369,0.0603019519886335,0.0697453748230421,Stress
75.55461294854933,0.7941275543408368,0.0778581138721226,0.0448878432356881,0.0471521964282433,Normal
107.78556231994496,0.5883968980188549,0.0941516015800007,0.0342404309207147,0.0472927522234874,Arrhythmia
90.4800622359865,0.6772939109234645,0.0971703680955409,0.0310373470796253,0.043999228712047,Arrhythmia
85.71972044662662,0.6999556191665254,0.0834816389219784,0.0496531511261321,0.0663376504706402,Normal
72.65262807032524,0.8258476202942318,0.0954709738117003,0.0322127975109572,0.0796822627171161,Normal
77.36916460455893,0.7755027510852113,0.0796475767758062,0.0518483612369487,0.0875909352888904,Normal
77.21909714073114,0.7770098618305589,0.0939445214237829,0.0444777695571902,0.0847264823048739,Normal
93.92124739324184,0.6388330826653538,0.0988933463144267,0.0411230008359143,0.0864328656172035,Stress
87.22068511683437,0.6692998733167539,0.1133730934393345,0.0403369883921806,0.0293778499488855,Arrhythmia
94.61110046713652,0.6230017575476302,0.1261424519327462,0.0355904957850372,0.0659315109028152,Arrhythmia
76.08229294790988,0.7886197651939763,0.0733847993773104,0.040813480535158,0.0763288113135292,Normal
94.8254670929402,0.5963412655507574,0.1040903936394168,0.0473180842730661,0.0668010258913778,Arrhythmia
79.97864319535427,0.7410554514533392,0.1239390880902147,0.0670652216468011,0.0714122599443906,Arrhythmia
98.12670981593624,0.6114543136374039,0.1051562808844395,0.0588634939726284,0.0637089546081366,Stress
84.52570905685673,0.7467837264201238,0.137213171916773,0.0468665929922782,0.0616765325585872,Arrhythmia
73.90164056081244,0.8118899600155289,0.0816027815781922,0.0572167206404323,0.0817870023797625,Normal
75.40396588677666,0.7653230158695812,0.1229043117190011,0.0239341948052642,0.0651076751134863,Arrhythmia
65.43359877671101,0.9169601110393928,0.0981350963600063,0.0387451095270162,0.0936617991964521,Normal
82.61514928204012,0.7262590520192103,0.0961037026543346,0.0635563785880495,0.0891767779391094,Normal
80.8158187607748,0.7424289071129465,0.0932692737376416,0.0362068077198547,0.0715630165592781,Normal
81.78120014285412,0.7336649486091295,0.0859877952811416,0.0510643022769189,0.0916017582317421,Normal
102.90710232539618,0.58207915564548,0.1195271553871243,0.0172318937997878,0.0639458453126241,Arrhythmia
69.15660981190234,0.8675960282494006,0.0911567463429285,0.0515030176146187,0.0627417124891851,Normal
105.36093788717191,0.6232713696524278,0.0789248246796787,0.0431090099409841,0.0724413998061209,Arrhythmia
69.61127611035347,0.8619293216932714,0.0904808494666138,0.0447713997284673,0.0586858622497096,Normal
81.27478629077035,0.821299291307738,0.0990255018451807,0.0426001249655561,0.0341547460978876,Arrhythmia
103.8632331781156,0.5776827676556697,0.1042548993324023,0.0517893129005927,0.0767431060242286,Stress
95.6108485477136,0.5861998323042918,0.1283830834722,0.0434605135857802,0.0456848002177849,Arrhythmia
84.43092950605265,0.7106400504059208,0.079323795706174,0.0371957064750371,0.083427898300416,Normal
79.10951252187611,0.7584422920493693,0.0823265243711195,0.0422218331240912,0.041656889035817,Normal
95.83805595114744,0.6260561047960367,0.0922734055472917,0.0482297450361766,0.0655207062312884,Stress
109.92291212773588,0.6011911009019091,0.0778488027126205,0.0351899856166421,0.0730304398267901,Arrhythmia
76.80818012523817,0.7811667963251844,0.0909767609854883,0.0234903019160698,0.0693976307403348,Normal
96.83831658122412,0.5109559798298793,0.094617153004254,0.043451061387871,0.0559701693210496,Arrhythmia
120.92255364954596,0.4802326564791396,0.1234096123448242,0.0261721028031203,0.0816353345534565,Arrhythmia
102.26649448800433,0.508542881510782,0.1546260029238526,0.0490677298953305,0.0709452959475593,Arrhythmia
102.20541427013868,0.5870530482995183,0.0962517794337819,0.0393939236315269,0.0582766307554977,Stress
69.87806179332856,0.858638583557971,0.0867397646783215,0.0679587767309552,0.0453190187956466,Normal
73.7371592430342,0.8137009971084298,0.1020121392216394,0.0438721130951561,0.0853385564801446,Normal
103.86808520689203,0.5776557821441266,0.080921924421226,0.0483855287628591,0.05264096769542,Stress
74.19357144166996,0.8086954008835016,0.0854993452852075,0.0344337082647609,0.0804733497042038,Normal
106.08761005964703,0.5525929524743699,0.1155475387591638,0.0516840475526817,0.0757811337475103,Arrhythmia
74.93251387631032,0.8007205003029908,0.0907580455819372,0.0484199210142101,0.0482797914937563,Normal
98.77291066404275,0.6074540032952818,0.0966987990603355,0.0380430512280293,0.0320580826835008,Stress
115.67562720213516,0.5003505855505381,0.0511922273067144,0.0326915715382967,0.0310281717073291,Arrhythmia
73.0734320156912,0.821091857121424,0.1014375404320692,0.0618839327344808,0.0534461602417634,Normal
99.13707181360766,0.5425081655642446,0.1057015793942253,0.0388607346453621,0.1072774498923872,Arrhythmia
74.62777042116916,0.8039902527086646,0.0951443883405874,0.0669645636829003,0.0619714718265914,Normal
99.51102816525896,0.6029482471064153,0.1049120766541199,0.0492584365862982,0.0404295641384597,Stress
88.69930660959642,0.6764427174621066,0.1083019181186261,0.0443899602814461,0.0354724367984291,Stress
85.42162943467999,0.6648086620584581,0.0975830480349776,0.0390080107806126,0.0156139925450492,Arrhythmia
100.784299659976,0.6508158144821188,0.1038407694072192,0.0437530030937754,0.0362066668181927,Arrhythmia
76.07046872065102,0.7887423465252248,0.0907736830764761,0.0527157883719537,0.0809144431545547,Normal
115.67562720213516,0.5003505855505381,0.0511922273067144,0.0326915715382967,0.0310281717073291,Arrhythmia
71.48973453061323,0.83928133729895,0.0767976679297935,0.039189366724001,0.066292339262191,Normal
86.94629459846458,0.7786937417402946,0.0723630190900472,0.0407633155278402,0.0876290815738097,Arrhythmia
91.51571365809184,0.655625111815918,0.1127946493165775,0.03114012057601,0.0602736990320883,Stress
94.2964863358632,0.636290940749301,0.0962199210098178,0.0557431801271556,0.0898042590273842,Stress
95.34194430881836,0.6293137866546579,0.0971145130412429,0.0492831669237523,0.0716716071174739,Stress
78.69873194480725,0.7494558538138684,0.1186384508934788,0.0613355479254776,0.0587295085076928,Arrhythmia
74.4217585880588,0.8062158317450347,0.0924496657110872,0.0474040864863639,0.0797530176693799,Normal
76.57123666297637,0.7835840534231716,0.0868973324340654,0.0572576662389869,0.0727991368473453,Normal
78.64807367145809,0.7508292924880369,0.1142658741474587,0.0866487783400804,0.056309492846883,Arrhythmia
97.9414056911966,0.6126111788631707,0.087306695034533,0.04422556539274,0.0804418622239753,Stress
93.61129769232852,0.6082444932321285,0.0968376702184948,0.0502535398480071,0.0702158417705518,Arrhythmia
94.8254670929402,0.5963412655507574,0.1040903936394168,0.0473180842730661,0.0668010258913778,Arrhythmia
86.86465114070963,0.6945014461481002,0.1178092969985778,0.0171646122067316,0.0719445643650676,Arrhythmia
73.7371592430342,0.8137009971084298,0.1020121392216394,0.0438721130951561,0.0853385564801446,Normal
93.62692252971205,0.6408413133621826,0.0905425393930322,0.0440860044249088,0.080027372805229,Stress
73.50496324767066,0.8162714101064648,0.0918334200573835,0.0675227044342362,0.0336418101005656,Normal
122.18780233448136,0.4910473783279431,0.1047347189903522,0.0321169238253646,0.0594412585639882,Stress
76.78507742982524,0.7814018297348816,0.1003753994425789,0.0638215899103752,0.0461050939970249,Normal
105.0826863967459,0.5709789315193794,0.0846495975246764,0.0501149957536186,0.0651182027704209,Stress
73.36168926701116,0.8178655726099867,0.1083145876585435,0.0561593560694426,0.059770236280033,Normal
94.11133173261304,0.6375427793378871,0.0929237410517797,0.0438849117285705,0.0323440243033571,Stress
97.0016180372512,0.6185463831846435,0.1044300213044737,0.0538903712227989,0.0631691430181808,Stress
78.79299847364933,0.7614889795070527,0.1052214254593393,0.018968629121727,0.0600995568022045,Stress
104.01479866858912,0.6261274951809211,0.1094147437263004,0.0200452956139151,0.0487045199165811,Arrhythmia
98.05302703883318,0.6119137961568228,0.1137053614399671,0.0353433519647679,0.0643266045481619,Stress
94.61110046713652,0.6230017575476302,0.1261424519327462,0.0355904957850372,0.0659315109028152,Arrhythmia
105.62880860174354,0.5680268554975411,0.1045350871255446,0.0608983897818068,0.0614604501918354,Stress
91.51571365809184,0.655625111815918,0.1127946493165775,0.03114012057601,0.0602736990320883,Stress
79.8777256356118,0.7511480769208365,0.0817276905644767,0.0485563958807605,0.0767156284002597,Normal
95.00269823848367,0.6315610094503106,0.1133057490403904,0.0398478160619175,0.0567417210243726,Stress
72.76742523966489,0.8245447712679893,0.0899202735868338,0.0542961821913258,0.068925981108789,Normal
73.50496324767066,0.8162714101064648,0.0918334200573835,0.0675227044342362,0.0336418101005656,Normal
84.32887255572378,0.7115000851025552,0.0889296964004544,0.0549331790088089,0.0696166889351283,Normal
73.61530852991132,0.8297257609478641,0.1038393143162851,0.0352022871511773,0.0442802793473003,Arrhythmia
100.98067539538944,0.5941730906935434,0.0926469653931804,0.0577951866976015,0.0590348045957809,Stress
80.7141140725751,0.7433644126484527,0.1017929718406382,0.0463638778778614,0.0651947903770852,Normal
67.42576387657067,0.8898675602672557,0.0988163975694945,0.03339039066484,0.0670547522637253,Normal
100.23903043284956,0.5985692373610316,0.0845269601106163,0.0486166106124701,0.0812297721387491,Stress
113.13164928851812,0.541015398376022,0.1307822357484053,0.0387484304531445,0.0666771993313706,Arrhythmia
72.76742523966489,0.8245447712679893,0.0899202735868338,0.0542961821913258,0.068925981108789,Normal
107.94947229968476,0.5579957156865136,0.1293079496918234,0.0376615273309499,0.0460645636314085,Arrhythmia
98.83234084204751,0.6070887271191033,0.0883821615608763,0.0382506598120944,0.043461357141972,Stress
72.64034067105283,0.8259873156667339,0.0823674084345748,0.0455449747859922,0.0945014729845164,Normal
77.21909714073114,0.7770098618305589,0.0939445214237829,0.0444777695571902,0.0847264823048739,Normal
100.98067539538944,0.5941730906935434,0.0926469653931804,0.0577951866976015,0.0590348045957809,Stress
69.01896687959665,0.8693262549795884,0.0940171172209894,0.0445657522886623,0.0806350563638276,Normal
81.27478629077035,0.821299291307738,0.0990255018451807,0.0426001249655561,0.0341547460978876,Arrhythmia
117.5547569831549,0.51040044265157,0.0862832630276953,0.0398060362817387,0.0711207927025513,Stress
84.52017673031837,0.7162086446301055,0.1170289641508316,0.0275433339016515,0.0769686176441056,Arrhythmia
82.0139715546805,0.7315826664972163,0.0875103585152092,0.0365181457789428,0.0696346811160852,Normal
75.43523534119086,0.7953842753803598,0.0987232063672067,0.0388942415453417,0.0632154052112638,Normal
73.50496324767066,0.8162714101064648,0.0918334200573835,0.0675227044342362,0.0336418101005656,Normal
117.24696649761108,0.5117403186821256,0.0811684979194141,0.0445191149266922,0.0681814002961126,Stress
76.92658689864419,0.7799644104716869,0.0953891004368465,0.060531528533329,0.0687892512983712,Normal
97.63444712781056,0.6145372024430646,0.0928777923635095,0.0462307820165618,0.073870238626376,Stress
78.16959511159006,0.7675618623116537,0.0904739867131641,0.0523421473253652,0.0844613075243253,Normal
115.2100622715938,0.5207878445422349,0.1105811832508715,0.0701155655158442,0.0483926477479632,Stress
65.23956100238749,0.9196873657350983,0.0924822058630033,0.0684670732573603,0.0841115678198232,Normal
85.57575482561958,0.6969991327160193,0.1046293870418833,0.0511123651813018,0.08035322933687,Arrhythmia
82.61514928204012,0.7262590520192103,0.0961037026543346,0.0635563785880495,0.0891767779391094,Normal
70.55242785187238,0.8504314001209481,0.0872494830284835,0.0570775193545547,0.0692961913168122,Normal
101.44887833096892,0.5914308860493732,0.1048603628941763,0.0503200619882194,0.0533022058066754,Stress
71.63552645565952,0.8746796146572797,0.107252564232012,0.0197099457123469,0.0420986031544679,Arrhythmia
94.18491243335704,0.6685852918124547,0.0956169336151516,0.0250847593808723,0.0668117843280099,Arrhythmia
72.18602371455731,0.8922375142833191,0.1073748606581539,0.0761892313241937,0.0809463541324289,Arrhythmia
68.76108409017576,0.8725865915859302,0.0859192462697844,0.0461229844006401,0.106596286095089,Normal
81.33455574593312,0.737693830743031,0.085123937759275,0.0416764442689577,0.0596777448223341,Normal
70.5475207806623,0.908584468675794,0.1130470974406744,0.0321094773599862,0.0469582222281387,Arrhythmia
71.99146693885301,0.8334321073213006,0.0898775322715308,0.0330753537028518,0.061672007099602,Normal
75.99529847786735,0.7895225257582773,0.0923561455810856,0.0448238870096382,0.0446056477870692,Normal
80.16232630275573,0.748481272529355,0.0925442084330121,0.0618901653110755,0.0501536530988875,Normal
60.09396536142817,0.9545372301058694,0.0861272633648704,0.0403132973244394,0.0586564341990128,Arrhythmia
100.03695671847848,0.5997783416067974,0.0961147922481699,0.0497516774649538,0.0507816092409652,Stress
76.30527636089944,0.7863152177867658,0.1035387237416541,0.0374888642361469,0.0796126429190051,Normal
98.53474618777912,0.5504264147924557,0.1093354001871107,0.0214133938651914,0.0512647152552356,Arrhythmia
85.57575482561958,0.6969991327160193,0.1046293870418833,0.0511123651813018,0.08035322933687,Arrhythmia
75.56758672625624,0.7939912150079655,0.0933849640749441,0.0752693242587362,0.0726984122673021,Normal
81.78120014285412,0.7336649486091295,0.0859877952811416,0.0510643022769189,0.0916017582317421,Normal
72.52495157274765,0.827301483129096,0.0921980087088253,0.0348940178007108,0.0719655479531986,Stress
94.18491243335704,0.6685852918124547,0.0956169336151516,0.0250847593808723,0.0668117843280099,Arrhythmia
64.87428706671196,0.9248656549905574,0.0813958663471604,0.0655050049281407,0.0878420573338696,Normal
70.89658840824144,0.8463030640417282,0.0921397991073422,0.0490394010027535,0.0439042933183285,Normal
76.04431797502377,0.7890135857317647,0.0817450280320748,0.0582317058396191,0.0546815077430393,Normal
98.04764765355606,0.5878101927049414,0.1078539571199154,0.0256534543477298,0.038296989468844,Arrhythmia
108.12549345889714,0.5151094694659271,0.0885628553391968,0.0249406394187775,0.0337556161313718,Arrhythmia
83.60515837474566,0.7176590675309815,0.1018471047478108,0.0445097065916196,0.0504793136223463,Stress
63.587867820288366,0.9059684004167148,0.1070443936236505,0.0261365028359754,0.0292885575358578,Arrhythmia
94.11133173261304,0.6375427793378871,0.0929237410517797,0.0438849117285705,0.0323440243033571,Stress
72.16851135198614,0.8313875245030774,0.0968605145999843,0.0534758170536167,0.0718004699007739,Normal
72.48262172941901,0.8277846271066571,0.0724126051357688,0.0422169527459768,0.0546581115220239,Normal
86.57329283336755,0.6930543824350698,0.0733059471887862,0.0448271154989962,0.0865828889943697,Normal
69.68848143136948,0.8609744217068228,0.0873059316555544,0.0540825275571447,0.0759883468390792,Normal
74.24107452482208,0.8081779578761261,0.0854063910045975,0.0558392818532596,0.0552626890969253,Normal
82.14133508065889,0.7304483174163513,0.1058354430301188,0.0598911310832828,0.0699891126548629,Stress
71.0373963078365,0.8446255510265808,0.0983569211206514,0.0495053629034756,0.0655365474496001,Normal
76.00098061390206,0.7642247518480468,0.1069745343269297,0.0447947773887846,0.0730227248364731,Arrhythmia
77.21909714073114,0.7770098618305589,0.0939445214237829,0.0444777695571902,0.0847264823048739,Normal
73.49448152205356,0.8163878260981505,0.0849305682462887,0.0349685704688189,0.0685123620433092,Normal
78.69233289997705,0.7624630988671262,0.0817777960443356,0.0466421530070987,0.0507954340199365,Normal
69.71144535522049,0.8606908047059559,0.0832283828848788,0.0457311893005258,0.0370179106506987,Normal
74.82644115147379,0.8018555884348408,0.1055115197552252,0.0511422764866204,0.0602287299457832,Normal
99.9432190300112,0.5951184184476745,0.0961057373782188,0.050482426303038,0.0961861269946622,Arrhythmia
79.42482216362387,0.830065770508691,0.1157738725855971,0.0592246569250565,0.0699937022060586,Arrhythmia
102.88723662825024,0.5831627125606512,0.1087645564550293,0.0327710498044443,0.0516452322797019,Stress
66.18479922318633,0.906552572557784,0.0878655284828815,0.0569620636481341,0.0736500917398403,Normal
71.42348145370016,0.8400598623702575,0.0925972250172148,0.0457981318290414,0.0690379248011051,Normal
97.29752465739304,0.5832580213932183,0.114784937282223,0.0372816374017284,0.053729406276552,Arrhythmia
79.84322495266444,0.7514726520073729,0.094919191715065,0.0615932980336424,0.0393739769736356,Normal
97.12552480599643,0.6177572797660256,0.0962768094706207,0.043168495289467,0.0500996195062707,Stress
81.25383842146593,0.7232676644863687,0.1201094031833325,0.0346445619879008,0.0662261734688577,Arrhythmia
88.52308610184332,0.6777892936422448,0.1077192015483667,0.0481313214001315,0.0774234453527693,Stress
96.2929866586054,0.621246498687253,0.1340776887433763,0.0201092847087694,0.0287039445727588,Arrhythmia
108.20344012612456,0.5545110204450296,0.1032159321133923,0.0645325913752656,0.0461319776613666,Stress
76.50773671166806,0.7842344131302672,0.0825151346344344,0.0610330188201652,0.0729686617519397,Normal
104.63288530118106,0.573433484389661,0.1015697296096843,0.0425731872318796,0.0622614653843068,Stress
79.96390892010125,0.8111964326286792,0.1324822543997202,0.0501905992443475,0.0892835447750487,Arrhythmia
74.4263177926655,0.8061664446056046,0.0787029314534238,0.056748194921666,0.0906356021996743,Normal
101.23547695955584,0.5926776047488802,0.1055174079991092,0.0682004072201725,0.078419707813608,Stress
101.81426620113972,0.5893083772903365,0.1014358793650516,0.0463906039865341,0.0627242834963415,Stress
99.68560829625224,0.6018922994549831,0.0913611703941023,0.064725421767898,0.0780829550010946,Stress
89.86321505033695,0.7489153537112698,0.0874646506218038,0.0453342002317849,0.0848935916147357,Arrhythmia
90.5112520238884,0.6129817338090656,0.135314156817294,0.0159864403228522,0.0658844825802698,Arrhythmia
82.89606407753696,0.7237979350126793,0.1027766489578842,0.0422621080089642,0.0496021578853012,Normal
92.82081109252398,0.6464067625975803,0.0876257336177742,0.0558876965421667,0.0665515719396215,Stress
90.4800622359865,0.6772939109234645,0.0971703680955409,0.0310373470796253,0.043999228712047,Arrhythmia
78.2265253037664,0.7298797316551712,0.097646962091313,0.0567609822385369,0.0398289063184758,Arrhythmia
86.79835693604689,0.659079833038418,0.1006937908643989,0.0104484427343224,0.0711102529268449,Arrhythmia
75.05116530509794,0.7994546088137079,0.0878089947119113,0.0426906996005808,0.0690611030815071,Normal
74.19357144166996,0.8086954008835016,0.0854993452852075,0.0344337082647609,0.0804733497042038,Normal
84.52017673031837,0.7162086446301055,0.1170289641508316,0.0275433339016515,0.0769686176441056,Arrhythmia
70.04731837434656,0.8565638398796122,0.0803507653941989,0.0501843393306539,0.070570052172523,Normal
61.90127447955128,0.9692853742425068,0.1115318245751155,0.0359248830528217,0.0633072485017783,Normal
98.07444118574448,0.6374354772296292,0.1111986526053265,0.0465925184593034,0.0740901307964944,Arrhythmia
73.67671583381022,0.8143685467107373,0.1207888080845523,0.0492556657089995,0.0925113968595146,Normal
74.93251387631032,0.8007205003029908,0.0907580455819372,0.0484199210142101,0.0482797914937563,Normal
86.23750475317429,0.6470265041007468,0.1287514027525311,0.0533148313881075,0.0854975008255744,Arrhythmia
67.72653047325144,0.9073311042829366,0.1026077932791273,0.0415653390628481,0.0686591965072139,Arrhythmia
87.58239424518376,0.6850691913266513,0.0905449312005726,0.0550713333647315,0.0756582365344667,Stress
100.62163015032884,0.5455021703544393,0.0853130225624015,0.0372941247735638,0.0998503070633623,Arrhythmia
70.76603140965797,0.8478644175008994,0.1068714163507256,0.0492983428854135,0.0661143678126894,Normal
97.61753634434436,0.592869343327006,0.0852148321029305,0.0234976865054245,0.0891164464429353,Arrhythmia
101.0575379127148,0.5937211734944806,0.1135544280110549,0.047869558543017,0.0828784900162036,Stress
71.99680655040598,0.8333702961949174,0.0962411981705215,0.0505572491228869,0.0934828604385151,Normal
73.07458859791842,0.8210788613554937,0.1047535621694955,0.0612656502954775,0.0752808309477144,Normal
71.69106767615806,0.8369243469916113,0.1000629280921444,0.0598432239847658,0.0789610010477478,Normal
88.18577777088328,0.6497933657056933,0.1223154229954228,0.0346034703131637,0.0669930009459938,Arrhythmia
91.14008087118616,0.6209666791575237,0.1262161654631956,0.04369757167648,0.0748536483671944,Arrhythmia
76.16126848580502,0.787802004783873,0.0950404651551784,0.0605364179660784,0.0739101064873586,Normal
66.96258382719387,0.8960227722818795,0.0693255789996012,0.0437518142230432,0.0861802125014694,Normal
115.0485675652711,0.6300660149861833,0.0612236568344714,0.0319629780542155,0.0769634842533333,Arrhythmia
101.81426620113972,0.5893083772903365,0.1014358793650516,0.0463906039865341,0.0627242834963415,Stress
88.67576927473118,0.6927806523186301,0.1290627326782649,0.0500929185395023,0.0595289569825152,Arrhythmia
77.80392263184117,0.7711693443004513,0.1090941664047013,0.0448395527178262,0.0265561693270946,Normal
87.62205640459545,0.6836156913640714,0.1117916136251049,0.0578876126871696,0.0518379832167955,Arrhythmia
82.20636644533057,0.7298704783394313,0.0901841837918955,0.0482305277250595,0.0813839288468014,Normal
71.63552645565952,0.8746796146572797,0.107252564232012,0.0197099457123469,0.0420986031544679,Arrhythmia
94.02888418294886,0.6476267813394355,0.0699227527118649,0.0307412022017961,0.0616399111282712,Arrhythmia
112.96126248515546,0.5553921775504506,0.0854090081109516,0.0297305526135999,0.069472641536229,Arrhythmia
109.15390275560162,0.5496825902262197,0.1045060341286254,0.0427752510322173,0.0713610029227767,Stress
74.4217585880588,0.8062158317450347,0.0924496657110872,0.0474040864863639,0.0797530176693799,Normal
114.58675208166102,0.4438855873418387,0.117230070504122,0.0313959734065464,0.0526094614233328,Arrhythmia
96.64862218828549,0.6208055390909901,0.0965745079914223,0.0313417584458456,0.0599131658109494,Stress
119.8706111169944,0.5005397022748107,0.1005898422158959,0.0589959464514579,0.0713231912530484,Stress
73.36168926701116,0.8178655726099867,0.1083145876585435,0.0561593560694426,0.059770236280033,Normal
77.61768766675027,0.7730196789372108,0.1097842211202803,0.0419781941301737,0.0627451930959219,Stress
77.02490855480478,0.7789687923784913,0.0839601481328417,0.0446900304499818,0.057295579775225,Normal
68.81092250586576,0.8719545940527875,0.1127069285780439,0.0604416087706907,0.0464424909456523,Normal
79.32877597085061,0.7563459698665591,0.104415686206579,0.0538240974618405,0.0718836468020731,Normal
92.88073674735048,0.6092601290497862,0.0763312361555809,0.0703540932884446,0.033227884005535,Arrhythmia
112.28980502489064,0.5343316785232654,0.0958403307205264,0.0428134672256496,0.0567061874394904,Stress
87.40580910114866,0.6745066252903901,0.1218711344456172,0.045215147253075,0.0607647598992005,Arrhythmia
80.85731696761076,0.7207299922955258,0.1066371236283042,0.0714958268374977,0.0554040073884961,Arrhythmia
72.18856235379513,0.8311565993784561,0.0902100384163275,0.0512922118197522,0.074185322886555,Normal
87.71295245429184,0.7414813529937325,0.1423116564709646,0.0346383186578435,0.0943875581241459,Arrhythmia
71.85538471963191,0.8533787652868344,0.0965875958184671,0.0307545788794078,0.0897449231067185,Arrhythmia
86.86465114070963,0.6945014461481002,0.1178092969985778,0.0171646122067316,0.0719445643650676,Arrhythmia
92.40860971574796,0.6505011221450716,0.116161010790082,0.0415884167967285,0.0458084029050165,Arrhythmia
84.00545721578096,0.7522421105886821,0.0640763809372552,0.0392702147264432,0.0746374140857659,Arrhythmia
106.68654804757908,0.5623951763182156,0.0947555186373734,0.0492439393786101,0.0631440658058774,Stress
67.93848149332354,0.8831519145139611,0.0886985694563231,0.0522388402427913,0.0729113498934746,Normal
107.68207216631735,0.5571958153566051,0.1228165183653884,0.0499619918736331,0.0688579845553389,Stress
102.15396505456287,0.5873487139530273,0.093823583230663,0.0396468328743234,0.0613900223820468,Stress
67.92314628974793,0.8833513062550251,0.0740557234120563,0.0447727697948096,0.09099033154879,Normal
73.50496324767066,0.8162714101064648,0.0918334200573835,0.0675227044342362,0.0336418101005656,Normal
103.67649292991422,0.5787232795438043,0.0941640067365399,0.0413853723330601,0.0753928363372671,Stress
79.96390892010125,0.8111964326286792,0.1324822543997202,0.0501905992443475,0.0892835447750487,Arrhythmia
113.4147591553088,0.5290316749501422,0.1044921872128503,0.0391072834821069,0.0764604467235929,Stress
97.9414056911966,0.6126111788631707,0.087306695034533,0.04422556539274,0.0804418622239753,Stress
75.43523534119086,0.7953842753803598,0.0987232063672067,0.0388942415453417,0.0632154052112638,Normal
100.43514668643466,0.5974004318162054,0.0941346873043606,0.034736307923341,0.0501506331117197,Stress
68.81092250586576,0.8719545940527875,0.1127069285780439,0.0604416087706907,0.0464424909456523,Normal
78.694335201928,0.7624436987242,0.1071232215958016,0.0428654322064956,0.0588137927267528,Stress
117.04105516255493,0.5126406278264302,0.1073965315172467,0.0556394098756085,0.0737410637476079,Stress
74.93251387631032,0.8007205003029908,0.0907580455819372,0.0484199210142101,0.0482797914937563,Normal
72.53499532670584,0.8271869285956827,0.0852234255323488,0.0550727403110729,0.0499896175762269,Normal
84.52570905685673,0.7467837264201238,0.137213171916773,0.0468665929922782,0.0616765325585872,Arrhythmia
86.23750475317429,0.6470265041007468,0.1287514027525311,0.0533148313881075,0.0854975008255744,Arrhythmia
71.08373353831881,0.8440749664289376,0.1062861554557129,0.0525602973431387,0.0516135150549648,Normal
69.68848143136948,0.8609744217068228,0.0873059316555544,0.0540825275571447,0.0759883468390792,Normal
71.23131917821256,0.8423261100905194,0.0842418175935532,0.0681244855799693,0.0751975582259607,Normal
98.7954602813264,0.6323700631615301,0.1098139935772277,0.0270583635393531,0.0318886596164271,Arrhythmia
82.82321827907003,0.7244345395735774,0.099592708260852,0.046285591340042,0.0602106403104641,Normal
77.57523843153024,0.7734426759507473,0.0904852162794482,0.0625575612557352,0.0606434655895629,Normal
97.5850255412922,0.6148484326072298,0.1055304008585236,0.035354622050898,0.0627463551680261,Stress
81.29214825292917,0.7257755374258653,0.1153072469879925,0.0305610490946081,0.0692641258419824,Arrhythmia
105.36093788717191,0.6232713696524278,0.0789248246796787,0.0431090099409841,0.0724413998061209,Arrhythmia
72.48262172941901,0.8277846271066571,0.0724126051357688,0.0422169527459768,0.0546581115220239,Normal
75.76862552972764,0.7918844981087738,0.0880966132191639,0.0568150069737262,0.0400269897320183,Normal
75.85684140594985,0.7909635952136268,0.0924368721149191,0.0666902152528939,0.0830868599242021,Normal
92.55624333563232,0.5948778408314825,0.1119596630694179,0.0502947768543505,0.0610986822199969,Arrhythmia
83.16205651965818,0.7214828794645904,0.0696187546482214,0.052858653907249,0.0907640922776577,Normal
79.06431059419481,0.7588759017700891,0.0855570673992388,0.0620650896650835,0.0733587120109699,Normal
77.4118549899149,0.8058434580856302,0.0838235920176177,0.065117386500213,0.08820918290407,Arrhythmia
76.92658689864419,0.7799644104716869,0.0953891004368465,0.060531528533329,0.0687892512983712,Normal
115.54160420714774,0.5192934649966391,0.0903726743471538,0.0500278442689519,0.0631440097985036,Stress
66.93642064405174,0.8963729972814414,0.0957059866859316,0.0463716143956034,0.0528549263090427,Normal
70.40287882883098,0.852237877173698,0.1050235705209602,0.0602915563732564,0.0627522030655094,Normal
78.95515973521523,0.7599250030171121,0.1106074792488198,0.0530780176889205,0.0778425323205325,Normal
104.88063524304783,0.6408227358205529,0.1033236102048798,0.0371364431240905,0.0793636932106572,Arrhythmia
101.81426620113972,0.5893083772903365,0.1014358793650516,0.0463906039865341,0.0627242834963415,Stress
68.99851796472112,0.8695838949856568,0.0652835549987271,0.0516645220821305,0.0674039226357419,Normal
117.47363197915558,0.5107529152639662,0.1014808941979827,0.0446771938895052,0.0627305116965121,Stress
77.56633716556678,0.7735314337704111,0.0842309634433759,0.0544426331148604,0.0704032875849179,Normal
74.03819517609439,0.8103925258752516,0.0933231401197959,0.0496236529757515,0.0960394570474787,Normal
74.62777042116916,0.8039902527086646,0.0951443883405874,0.0669645636829003,0.0619714718265914,Normal
70.32245651474761,1.0128678936208195,0.0991465240053195,0.0439881734447807,0.0665575904831871,Arrhythmia
79.06431059419481,0.7588759017700891,0.0855570673992388,0.0620650896650835,0.0733587120109699,Normal
109.52611934098198,0.5245836688830087,0.1245019157369599,0.0517508576392389,0.0336150561080246,Arrhythmia
65.20164938060113,0.9202221196853844,0.08678614158347,0.050733179671884,0.0806253467094903,Normal
83.43812549514884,0.6844746838495438,0.1009962147029717,0.0439042075987432,0.054731035678355,Arrhythmia
85.66516687328134,0.7004013672062757,0.0918186625505849,0.0568189148962631,0.0551555779514449,Normal
106.36965180891404,0.6037838968030962,0.0878859066302812,0.0548100177488365,0.0814595609553202,Arrhythmia
76.92658689864419,0.7799644104716869,0.0953891004368465,0.060531528533329,0.0687892512983712,Normal
108.4515797118432,0.5532422871056422,0.0938783308284518,0.0442277895477695,0.0905475891487705,Stress
84.3130838851877,0.7102575770643729,0.1074292497712213,0.0424714126185477,0.0949916780841084,Arrhythmia
94.8254670929402,0.5963412655507574,0.1040903936394168,0.0473180842730661,0.0668010258913778,Arrhythmia
75.4982568254382,0.7947203355797712,0.1005842448684958,0.0446024031969063,0.0792027695909562,Normal
94.61110046713652,0.6230017575476302,0.1261424519327462,0.0355904957850372,0.0659315109028152,Arrhythmia
99.51102816525896,0.6029482471064153,0.1049120766541199,0.0492584365862982,0.0404295641384597,Stress
108.53975976552223,0.552792821078816,0.0979338872030395,0.0629636082292696,0.0718670841488867,Stress
82.82321827907003,0.7244345395735774,0.099592708260852,0.046285591340042,0.0602106403104641,Normal
103.29508735573008,0.5808601506223676,0.1127886581331339,0.0455119790188108,0.0673919376020619,Stress
99.50665321398148,0.5916505516396091,0.1055028803638384,0.039711094303984,0.0554121851186394,Arrhythmia
90.75534011870444,0.6611181217713727,0.0996242935502051,0.0584622575620274,0.0525770559055214,Stress
80.41525621587638,0.7461270761723221,0.0760143242618085,0.0509612077694098,0.1013256205717109,Normal
75.3490104249501,0.7962944657350454,0.0752141375422015,0.0498357710392724,0.0551711333927362,Normal
103.2405702822156,0.5811668788344121,0.0982719826260353,0.0587649645001953,0.0891317128360156,Stress
66.37541083743484,0.9039492071386293,0.1030547880715433,0.0744575197961682,0.0685705670141957,Normal
79.06262911197099,0.7588920413337901,0.0969014399171111,0.0428715421732283,0.0686539645856916,Normal
72.76742523966489,0.8245447712679893,0.0899202735868338,0.0542961821913258,0.068925981108789,Normal
79.8777256356118,0.7511480769208365,0.0817276905644767,0.0485563958807605,0.0767156284002597,Normal
66.93642064405174,0.8963729972814414,0.0957059866859316,0.0463716143956034,0.0528549263090427,Normal
76.80697802754207,0.7811790222821253,0.0902451017425894,0.0624608519249762,0.0719215662236618,Normal
88.97707850163576,0.6743309738911798,0.09540909689781,0.0465669372824652,0.052804784416098,Stress
73.67671583381022,0.8143685467107373,0.1207888080845523,0.0492556657089995,0.0925113968595146,Normal
77.5751763360433,0.7734432950572947,0.0840760607576113,0.0522213377163371,0.0791916085759385,Normal
90.60887536805824,0.6395253839414434,0.0783172811398902,0.0646400942988394,0.0868092210358069,Arrhythmia
98.12670981593624,0.6114543136374039,0.1051562808844395,0.0588634939726284,0.0637089546081366,Stress
76.16126848580502,0.787802004783873,0.0950404651551784,0.0605364179660784,0.0739101064873586,Normal
115.08858580256556,0.5670167695357397,0.1378493060012866,0.0343720542951409,0.0483989351725991,Arrhythmia
94.01088471107856,0.6392636547081375,0.1212183889588247,0.0303776963643353,0.0758074379210342,Arrhythmia
63.587867820288366,0.9059684004167148,0.1070443936236505,0.0261365028359754,0.0292885575358578,Arrhythmia
124.7899430997254,0.4000513854696967,0.0987566394684339,0.0158850845932291,0.0553826725231046,Arrhythmia
51.69118297647068,1.1513823277138748,0.1175420078780437,0.026518239275153,0.0324476499849152,Arrhythmia
98.68937249401633,0.6020647720867861,0.1157110814971531,0.0460644213244254,0.0617137432280671,Arrhythmia
84.48396491326974,0.7101939410821367,0.097575077100473,0.0677080063563551,0.0874124018106778,Normal
81.80633327621275,0.7418625955709993,0.0672865157204261,0.0533033108514595,0.0072850452196624,Arrhythmia
94.63249518898444,0.4988700663300003,0.1265019652933527,0.0558990457606993,0.0418448763970615,Arrhythmia
74.02329505386942,0.8254932949112694,0.0942443249618352,0.033449203959391,0.0617178601258666,Arrhythmia
65.23956100238749,0.9196873657350983,0.0924822058630033,0.0684670732573603,0.0841115678198232,Normal
70.92094857517282,0.8460123730071499,0.0669807883526441,0.0443753322410573,0.0771556124083468,Normal
88.32220448732065,0.6793308698336835,0.0939717934421603,0.0608862692804359,0.0675208970895023,Stress
95.44460473976127,0.6286368953341643,0.0797419212688862,0.0635770234353773,0.0570755443000553,Stress
73.54153125103362,0.8158655249533807,0.0962834550926428,0.0609419151847094,0.0690137460839051,Normal
77.52493639490228,0.7739445240479469,0.0952980417791528,0.038772779784377,0.0677491661945121,Normal
80.91427615494993,0.7577434754198362,0.1272478694476551,0.0252825170329047,0.0844713776483725,Arrhythmia
94.18491243335704,0.6685852918124547,0.0956169336151516,0.0250847593808723,0.0668117843280099,Arrhythmia
76.25246425172938,0.7868598161224569,0.0893732090272682,0.0407676675388909,0.060616559477357,Normal
84.26139092254469,0.7120698975305736,0.0810274562851416,0.0652955031946061,0.0982173560416088,Normal
90.9671162221518,0.7532438937501273,0.1514816533949994,0.0302594044251786,0.078436030039545,Arrhythmia
68.99851796472112,0.8695838949856568,0.0652835549987271,0.0516645220821305,0.0674039226357419,Normal
100.23903043284956,0.5985692373610316,0.0845269601106163,0.0486166106124701,0.0812297721387491,Stress
71.53545202369673,0.8387449621500187,0.0848998360114525,0.0564870988758964,0.076607121069406,Normal
74.62777042116916,0.8039902527086646,0.0951443883405874,0.0669645636829003,0.0619714718265914,Normal
102.49308595641727,0.5854053416394698,0.1055655312453375,0.056008213984226,0.0767319500229719,Stress
90.75534011870444,0.6611181217713727,0.0996242935502051,0.0584622575620274,0.0525770559055214,Stress
94.11133173261304,0.6375427793378871,0.0929237410517797,0.0438849117285705,0.0323440243033571,Stress
81.25383842146593,0.7232676644863687,0.1201094031833325,0.0346445619879008,0.0662261734688577,Arrhythmia
87.37560364956887,0.65439232585985,0.1334624927517328,0.0507963691322227,0.0533738323363335,Arrhythmia
76.64375554829843,0.7828426408748972,0.1087617083921588,0.046251791924504,0.083160434358635,Normal
67.82068924410281,0.8846857893768333,0.1067643731227528,0.0420170275546154,0.0742178713595406,Normal
101.44887833096892,0.5914308860493732,0.1048603628941763,0.0503200619882194,0.0533022058066754,Stress
78.69233289997705,0.7624630988671262,0.0817777960443356,0.0466421530070987,0.0507954340199365,Normal
71.99680655040598,0.8333702961949174,0.0962411981705215,0.0505572491228869,0.0934828604385151,Normal
76.30527636089944,0.7863152177867658,0.1035387237416541,0.0374888642361469,0.0796126429190051,Normal
76.57123666297637,0.7835840534231716,0.0868973324340654,0.0572576662389869,0.0727991368473453,Normal
83.45112563771704,0.7189837110223719,0.0843850677755814,0.0457125374991089,0.0640388335377692,Stress
105.36093788717191,0.6232713696524278,0.0789248246796787,0.0431090099409841,0.0724413998061209,Arrhythmia
103.86808520689203,0.5776557821441266,0.080921924421226,0.0483855287628591,0.05264096769542,Stress
89.9594540315799,0.6669671425410969,0.1107061055997918,0.0440115479876069,0.0524461894430558,Stress
79.8777256356118,0.7511480769208365,0.0817276905644767,0.0485563958807605,0.0767156284002597,Normal
86.79835693604689,0.659079833038418,0.1006937908643989,0.0104484427343224,0.0711102529268449,Arrhythmia
108.33333911780306,0.5538461242734818,0.0963079279955255,0.032448646280266,0.0699366016806519,Stress
115.08858580256556,0.5670167695357397,0.1378493060012866,0.0343720542951409,0.0483989351725991,Arrhythmia
74.62777042116916,0.8039902527086646,0.0951443883405874,0.0669645636829003,0.0619714718265914,Normal
112.63706677654667,0.532684326013479,0.111701987091966,0.0366804508250554,0.0792502374300446,Stress
105.95029465835565,0.5663032858329873,0.0818202077461284,0.02923003517809,0.0730003886705817,Stress
93.68422270834668,0.6404493549227513,0.0947066788755163,0.0314455249688771,0.0696856731569985,Stress
70.5475207806623,0.908584468675794,0.1130470974406744,0.0321094773599862,0.0469582222281387,Arrhythmia
69.71144535522049,0.8606908047059559,0.0832283828848788,0.0457311893005258,0.0370179106506987,Normal
83.43812549514884,0.6844746838495438,0.1009962147029717,0.0439042075987432,0.054731035678355,Arrhythmia
78.69233289997705,0.7624630988671262,0.0817777960443356,0.0466421530070987,0.0507954340199365,Normal
108.74517074132524,0.5517486394197997,0.1120053165847387,0.066650560678066,0.0482068080742524,Stress
73.42365377679828,0.8171753503631806,0.0842322866943166,0.0603184453946863,0.0722562835771536,Normal
72.89677338617321,0.8230816977611327,0.0840062497704622,0.0604900922583689,0.0838695052436915,Normal
110.45088474084751,0.5432278803449954,0.086645184309001,0.0556137096487313,0.0531365092749867,Stress
72.62527344419522,0.8261586794038526,0.0957707212718054,0.0528916864390781,0.0535558736965719,Normal
96.20698646177247,0.5756833693059235,0.0969999483835308,0.0360566375618759,0.0591304610037227,Arrhythmia
80.79896004688591,0.6948276860368751,0.1150747932298914,0.0402140960175465,0.0795163343868941,Arrhythmia
108.53975976552223,0.552792821078816,0.0979338872030395,0.0629636082292696,0.0718670841488867,Stress
74.77864903960699,0.7795132530636744,0.1118568980228223,0.0436592979686275,0.0737941561049038,Arrhythmia
85.71972044662662,0.6999556191665254,0.0834816389219784,0.0496531511261321,0.0663376504706402,Normal
87.37560364956887,0.65439232585985,0.1334624927517328,0.0507963691322227,0.0533738323363335,Arrhythmia
80.34722654429785,0.7199924096507113,0.1265894968386349,0.0499888637808169,0.0719758877912382,Arrhythmia
74.2963352597709,0.8251083496386546,0.0964964345005123,0.0557792142658437,0.0224689458791625,Arrhythmia
77.94158603242288,0.7698072756056136,0.081501556305352,0.0464070790921294,0.0666305027500446,Normal
106.08761005964703,0.5525929524743699,0.1155475387591638,0.0516840475526817,0.0757811337475103,Arrhythmia
71.77440122697438,0.8359526373513054,0.0822699021614453,0.0609150685192246,0.0485383734682292,Normal
73.49448152205356,0.8163878260981505,0.0849305682462887,0.0349685704688189,0.0685123620433092,Normal
77.31051737131635,0.7760910422035427,0.0678886469099211,0.0679455786351778,0.0657898738469984,Normal
75.06500945938953,0.7993071663097604,0.0957655696305576,0.0427286282417513,0.0466512715201037,Normal
67.84929311019684,0.8843128240489038,0.0799191368908259,0.0533445678998702,0.0784586368007854,Normal
112.92702639618798,0.5667891579779064,0.1227083606041845,0.0316254736908095,0.0691456080923048,Arrhythmia
103.8632331781156,0.5776827676556697,0.1042548993324023,0.0517893129005927,0.0767431060242286,Stress
108.953554307626,0.5506933700445642,0.0990661314110005,0.027061075021321,0.0706002283956709,Stress
81.80633327621275,0.7418625955709993,0.0672865157204261,0.0533033108514595,0.0072850452196624,Arrhythmia
75.85684140594985,0.7909635952136268,0.0924368721149191,0.0666902152528939,0.0830868599242021,Normal
107.50579167521764,0.558109466151034,0.0932300486154146,0.0312753445211589,0.0727042169634664,Stress
79.60642203306139,0.7440250629917233,0.1129358602397109,0.0375581064089155,0.090758638368251,Arrhythmia
73.49448152205356,0.8163878260981505,0.0849305682462887,0.0349685704688189,0.0685123620433092,Normal
85.71972044662662,0.6999556191665254,0.0834816389219784,0.0496531511261321,0.0663376504706402,Normal
58.79366329965464,1.0205181414567928,0.0987112470343169,0.0654750520133006,0.049156412998546,Normal
122.47503517351626,0.5322668402865364,0.0912019379778227,0.0474661463363709,0.0598695736954108,Arrhythmia
97.61986990368815,0.5962775771194052,0.1184812208892818,0.0360002150614837,0.0590917756413552,Arrhythmia
108.74517074132524,0.5517486394197997,0.1120053165847387,0.066650560678066,0.0482068080742524,Stress
72.16851135198614,0.8313875245030774,0.0968605145999843,0.0534758170536167,0.0718004699007739,Normal
73.32749382079525,0.8182469749564023,0.0820310474452952,0.0549245126400814,0.070233685713722,Normal
94.153822693428,0.6372550607463338,0.1077602791384347,0.0343939493360339,0.0536044532377956,Stress
92.76826954795555,0.6803398744642857,0.0872233376443846,0.0302496409838965,0.0573100643119653,Arrhythmia
95.49987142004188,0.6282730972076286,0.1090039858839506,0.0500024046943657,0.0748246337633253,Stress
79.8777256356118,0.7511480769208365,0.0817276905644767,0.0485563958807605,0.0767156284002597,Normal
78.95515973521523,0.7599250030171121,0.1106074792488198,0.0530780176889205,0.0778425323205325,Normal
88.93706487588366,0.6746343617673143,0.1143633540570597,0.0320078363655417,0.0620691447323446,Stress
71.85538471963191,0.8533787652868344,0.0965875958184671,0.0307545788794078,0.0897449231067185,Arrhythmia
85.71972044662662,0.6999556191665254,0.0834816389219784,0.0496531511261321,0.0663376504706402,Normal
76.53649760438304,0.7839397134441641,0.0802123628421769,0.0514671368643332,0.0782873493162572,Normal
94.02888418294886,0.6476267813394355,0.0699227527118649,0.0307412022017961,0.0616399111282712,Arrhythmia
65.43359877671101,0.9169601110393928,0.0981350963600063,0.0387451095270162,0.0936617991964521,Normal
94.2636574532736,0.6365125396258037,0.0816904988358896,0.0410539269778049,0.0987104703080018,Normal
107.68207216631735,0.5571958153566051,0.1228165183653884,0.0499619918736331,0.0688579845553389,Stress
94.02888418294886,0.6476267813394355,0.0699227527118649,0.0307412022017961,0.0616399111282712,Arrhythmia
80.8158187607748,0.7424289071129465,0.0932692737376416,0.0362068077198547,0.0715630165592781,Normal
78.39798874467338,0.7653257559375412,0.0809568337489559,0.0471821539113949,0.0749314361545522,Normal
97.63444712781056,0.6145372024430646,0.0928777923635095,0.0462307820165618,0.073870238626376,Stress
72.48262172941901,0.8277846271066571,0.0724126051357688,0.0422169527459768,0.0546581115220239,Normal
76.57123666297637,0.7835840534231716,0.0868973324340654,0.0572576662389869,0.0727991368473453,Normal
103.01107339191742,0.5824616521732875,0.1057985728529513,0.0409560257681603,0.0616591894883509,Stress
71.34816684141431,0.8409466235252,0.0963859245877737,0.0365554948896572,0.0748203582317541,Normal
64.87428706671196,0.9248656549905574,0.0813958663471604,0.0655050049281407,0.0878420573338696,Normal
75.85684140594985,0.7909635952136268,0.0924368721149191,0.0666902152528939,0.0830868599242021,Normal
112.72353500106767,0.5322757133142755,0.1003003147916408,0.058313390619884,0.0676330434436789,Stress
63.587867820288366,0.9059684004167148,0.1070443936236505,0.0261365028359754,0.0292885575358578,Arrhythmia
101.0575379127148,0.5937211734944806,0.1135544280110549,0.047869558543017,0.0828784900162036,Stress
81.29214825292917,0.7257755374258653,0.1153072469879925,0.0305610490946081,0.0692641258419824,Arrhythmia
79.42482216362387,0.830065770508691,0.1157738725855971,0.0592246569250565,0.0699937022060586,Arrhythmia
68.89578175014489,0.8708806036571871,0.0885294261849786,0.0334514332813423,0.0624691866347108,Normal
67.84929311019684,0.8843128240489038,0.0799191368908259,0.0533445678998702,0.0784586368007854,Normal
98.12670981593624,0.6114543136374039,0.1051562808844395,0.0588634939726284,0.0637089546081366,Stress
67.9907446860386,0.8824730524288633,0.0997157095095435,0.0574326409402271,0.1021340553791779,Normal
61.90127447955128,0.9692853742425068,0.1115318245751155,0.0359248830528217,0.0633072485017783,Normal
104.08607307701767,0.5764459953792614,0.0884563733176701,0.0467528677893392,0.0683864228466763,Stress
102.5316523803798,0.5851851463137197,0.0848552969081923,0.037909790423695,0.0828910274812462,Stress
75.65370288643045,0.793087419528831,0.0864848651595869,0.0701020453876635,0.0828012333817046,Normal
118.48608833296412,0.50638856294581,0.1178179890877106,0.0497543068252662,0.0381034032119813,Stress
71.69106767615806,0.8369243469916113,0.1000629280921444,0.0598432239847658,0.0789610010477478,Normal
75.93227157384713,0.7901778618811323,0.0861544445577017,0.040016459592612,0.0515858827729451,Normal
95.82867906796446,0.5725104140932484,0.120925684960074,0.0160281347217437,0.0597232450781152,Arrhythmia
87.31621056242643,0.6871576264421507,0.102776768218985,0.0539913611435207,0.0596621827286564,Normal
126.93033663980496,0.472700235328803,0.1085555565902071,0.0506976035719864,0.0867892511822926,Stress
92.77020458797362,0.7437058299336087,0.1314030047663285,0.0478377115789863,0.0150622133203078,Arrhythmia
93.92124739324184,0.6388330826653538,0.0988933463144267,0.0411230008359143,0.0864328656172035,Stress
97.033925409302,0.6183404386343437,0.0795005872142252,0.0612846855477232,0.0482893032475701,Stress
75.34281487403014,0.7963599462047888,0.069607678222399,0.0402162722238496,0.0449712388918361,Normal
69.61127611035347,0.8619293216932714,0.0904808494666138,0.0447713997284673,0.0586858622497096,Normal
87.71295245429184,0.7414813529937325,0.1423116564709646,0.0346383186578435,0.0943875581241459,Arrhythmia
88.6008458329481,0.6771944379981046,0.1011957491143457,0.0562067209755067,0.0827533261317024,Normal
76.72795928959648,0.8093202024803536,0.1326754019373413,0.0387771599034753,0.0553075886008517,Arrhythmia
77.5751763360433,0.7734432950572947,0.0840760607576113,0.0522213377163371,0.0791916085759385,Normal
76.30527636089944,0.7863152177867658,0.1035387237416541,0.0374888642361469,0.0796126429190051,Normal
78.87317026714669,0.7607149528385574,0.0857901551917973,0.0563293181775551,0.0651275292473706,Normal
76.16126848580502,0.787802004783873,0.0950404651551784,0.0605364179660784,0.0739101064873586,Normal
78.93542301871226,0.7601150118087862,0.0903526355197172,0.0512200981464536,0.0272718606905488,Normal
81.27478629077035,0.821299291307738,0.0990255018451807,0.0426001249655561,0.0341547460978876,Arrhythmia
98.3434501410099,0.6040876638460242,0.0947455044286757,0.0669281703386848,0.0372462865915036,Arrhythmia
79.24801048510513,0.7571167986769479,0.0933366210528694,0.0616929559044567,0.074796729012138,Normal
71.48973453061323,0.83928133729895,0.0767976679297935,0.039189366724001,0.066292339262191,Normal
93.9601937403077,0.6385682873944606,0.110074439731952,0.0517894698776223,0.0835648063626799,Stress
124.1167667557842,0.4834157508957493,0.0971196112607792,0.0410377032189823,0.0777441798277432,Stress
75.32140009547732,0.7965863609006746,0.0737245756211683,0.0657957214573071,0.0745395319785855,Normal
92.82081109252398,0.6464067625975803,0.0876257336177742,0.0558876965421667,0.0665515719396215,Stress
80.16232630275573,0.748481272529355,0.0925442084330121,0.0618901653110755,0.0501536530988875,Normal
96.33492979631949,0.6228270485778911,0.0958850685543782,0.0560132295773576,0.0302578420554668,Stress
85.61078098506317,0.7008463105887145,0.101677820616598,0.0436261287269348,0.0604155737846574,Normal
100.16888807008904,0.6191748846016476,0.0905668653091742,0.014112899068141,0.0674421094521372,Arrhythmia
69.68848143136948,0.8609744217068228,0.0873059316555544,0.0540825275571447,0.0759883468390792,Normal
78.45040153412037,0.7799040360477758,0.0926765030357099,0.0275725446282963,0.0553118439936735,Arrhythmia
94.18491243335704,0.6685852918124547,0.0956169336151516,0.0250847593808723,0.0668117843280099,Arrhythmia
89.16346383513441,0.6593651872799167,0.1152064367754244,0.0483653659108768,0.0694400454183854,Arrhythmia
100.23903043284956,0.5985692373610316,0.0845269601106163,0.0486166106124701,0.0812297721387491,Stress
102.4132193491678,0.5858618680410377,0.1115907406495589,0.0421561535039349,0.0688799172178308,Stress
76.08229294790988,0.7886197651939763,0.0733847993773104,0.040813480535158,0.0763288113135292,Normal
76.25246425172938,0.7868598161224569,0.0893732090272682,0.0407676675388909,0.060616559477357,Normal
76.28775195361382,0.7864958458401361,0.0912029563171189,0.0291807059211627,0.08574329072979,Normal
69.93584439832789,0.8579291565890431,0.0968195297129496,0.0510939479460489,0.079118447645748,Normal
92.57515767461616,0.6481220395096537,0.0949019330680911,0.0340783636728191,0.0418579772718553,Stress
78.43130095187257,0.7650006983413103,0.0833737624105415,0.0729889812361925,0.0795809533304377,Normal
70.04731837434656,0.8565638398796122,0.0803507653941989,0.0501843393306539,0.070570052172523,Normal
98.05302703883318,0.6119137961568228,0.1137053614399671,0.0353433519647679,0.0643266045481619,Stress
72.27808637737408,0.8301271243780797,0.0799398261850029,0.0659318662663939,0.0879256994338726,Normal
71.99680655040598,0.8333702961949174,0.0962411981705215,0.0505572491228869,0.0934828604385151,Normal
87.96799144610856,0.6820662722162701,0.0803293029641284,0.0471257403063221,0.0676804207521571,Stress
73.0734320156912,0.821091857121424,0.1014375404320692,0.0618839327344808,0.0534461602417634,Normal
91.79370552621228,0.5475468445622369,0.1204224485675867,0.0585367328773323,0.0414915074788082,Arrhythmia
69.42148285602966,0.8446978659363077,0.1231180155305952,0.0298643788125758,0.0540064670398642,Arrhythmia
94.69029102188036,0.6336446889379147,0.1044687250080269,0.0315787225151488,0.069002275944431,Stress
70.1265916488634,0.855595553544523,0.1096472513291638,0.0442436217376222,0.0815754806597251,Normal
71.73335383713145,0.8364309876857048,0.08796954613957,0.0745530013991089,0.0483992367610855,Normal
108.8523148298899,0.551205549406695,0.0716784440188943,0.0351769641962268,0.060737673531068,Stress
99.4759554942253,0.6031608311968722,0.0986060279933676,0.0272398824595159,0.0556694779166842,Stress
91.10759171771676,0.6585620239628441,0.0892914758131556,0.0439656877570971,0.0805413147656938,Stress
116.24365114780409,0.590033725608974,0.1279007662815223,0.0490478114662351,0.0370347342249476,Arrhythmia
95.49987142004188,0.6282730972076286,0.1090039858839506,0.0500024046943657,0.0748246337633253,Stress
70.36534764210958,0.8526924403922574,0.0928977485689641,0.052029230208513,0.0325089142768964,Normal
73.0394592343392,0.8214737708763217,0.1017944012072128,0.0559310125796838,0.0549756998515762,Normal
75.99529847786735,0.7895225257582773,0.0923561455810856,0.0448238870096382,0.0446056477870692,Normal
84.51381701136253,0.7099430853056045,0.1163185689908911,0.0630719664363788,0.0773023728013322,Stress
69.45295530631384,0.7754721559585767,0.11466432262527,0.0402942498654098,0.0396067132261576,Arrhythmia
83.45112563771704,0.7189837110223719,0.0843850677755814,0.0457125374991089,0.0640388335377692,Stress
108.8523148298899,0.551205549406695,0.0716784440188943,0.0351769641962268,0.060737673531068,Stress
67.82068924410281,0.8846857893768333,0.1067643731227528,0.0420170275546154,0.0742178713595406,Normal
76.78893680174141,0.7813625568864411,0.0992617754753164,0.0593828380597599,0.0849701516478947,Normal
74.2963352597709,0.8251083496386546,0.0964964345005123,0.0557792142658437,0.0224689458791625,Arrhythmia
79.11272456051594,0.7584114986977096,0.0997511973341775,0.0398789562473983,0.0766002167507999,Normal
75.4853877467402,0.7948558229747064,0.0810158532865164,0.0463903383418092,0.0731257421192133,Normal
69.71144535522049,0.8606908047059559,0.0832283828848788,0.0457311893005258,0.0370179106506987,Normal
76.48060138532288,0.7845126595920621,0.0728686547090912,0.0532613302224211,0.0969652979027428,Normal
80.22964659312257,0.7597716748188191,0.1324206133464894,0.0564572906763054,0.0443047618374459,Arrhythmia
95.08846252857896,0.6309913779704549,0.0926696700447601,0.0281734130587731,0.0640296709245122,Stress
68.81092250586576,0.8719545940527875,0.1127069285780439,0.0604416087706907,0.0464424909456523,Normal
82.89606407753696,0.7237979350126793,0.1027766489578842,0.0422621080089642,0.0496021578853012,Normal
90.4800622359865,0.6772939109234645,0.0971703680955409,0.0310373470796253,0.043999228712047,Arrhythmia
70.04731837434656,0.8565638398796122,0.0803507653941989,0.0501843393306539,0.070570052172523,Normal
72.67135123214871,0.8256348476076898,0.1009877685198719,0.0494441532908954,0.073287254914959,Normal
97.56616020624982,0.6149673193365722,0.1004132563227061,0.0677243472044688,0.0768976353232801,Stress
86.86465114070963,0.6945014461481002,0.1178092969985778,0.0171646122067316,0.0719445643650676,Arrhythmia
105.731278132412,0.5674763519349433,0.1104172466405885,0.0500558924183587,0.056423809370659,Stress
100.09772026904938,0.6651599734606184,0.1138717982273508,0.04612979217221,0.0710650243996956,Arrhythmia
115.73019725214856,0.5184472283346607,0.0929055899757245,0.0415909212265392,0.0732619635841049,Stress
92.55624333563232,0.5948778408314825,0.1119596630694179,0.0502947768543505,0.0610986822199969,Arrhythmia
101.44887833096892,0.5914308860493732,0.1048603628941763,0.0503200619882194,0.0533022058066754,Stress
74.86743062275391,0.8014165772875427,0.0787535790816213,0.049032868881296,0.072963994070386,Normal
99.51102816525896,0.6029482471064153,0.1049120766541199,0.0492584365862982,0.0404295641384597,Stress
67.84929311019684,0.8843128240489038,0.0799191368908259,0.0533445678998702,0.0784586368007854,Normal
112.28980502489064,0.5343316785232654,0.0958403307205264,0.0428134672256496,0.0567061874394904,Stress
68.81524644560959,0.8718998056255308,0.0936659824609684,0.0518676676447707,0.0797848431762013,Normal
78.12833673882503,0.7679671999235541,0.0887208240851923,0.0517770100093325,0.0647702179838821,Normal
109.3462913112412,0.6293293679962783,0.1152512265800385,0.0133564715065252,0.0634367867958706,Arrhythmia
76.08229294790988,0.7886197651939763,0.0733847993773104,0.040813480535158,0.0763288113135292,Normal
99.38235800139871,0.6037288831399589,0.1023402445435314,0.0500596555345586,0.0828756124566059,Stress
91.20185646497946,0.657881345025464,0.0901770596574532,0.05074071220894,0.0761627856547255,Stress
87.62205640459545,0.6836156913640714,0.1117916136251049,0.0578876126871696,0.0518379832167955,Arrhythmia
102.90710232539618,0.58207915564548,0.1195271553871243,0.0172318937997878,0.0639458453126241,Arrhythmia
81.53628602013917,0.7278620504534037,0.122444142880868,0.0175520611736488,0.0592138542474473,Arrhythmia
85.71972044662662,0.6999556191665254,0.0834816389219784,0.0496531511261321,0.0663376504706402,Normal
81.25383842146593,0.7232676644863687,0.1201094031833325,0.0346445619879008,0.0662261734688577,Arrhythmia
73.67671583381022,0.8143685467107373,0.1207888080845523,0.0492556657089995,0.0925113968595146,Normal
77.80392263184117,0.7711693443004513,0.1090941664047013,0.0448395527178262,0.0265561693270946,Normal
99.38235800139871,0.6037288831399589,0.1023402445435314,0.0500596555345586,0.0828756124566059,Stress
80.85325643520926,0.8268376905227958,0.1347226144361243,0.0317756905526409,0.0716405313416945,Arrhythmia
117.04105516255493,0.5126406278264302,0.1073965315172467,0.0556394098756085,0.0737410637476079,Stress
79.28199397161737,0.7567922676298954,0.1047994413889002,0.0520768768716311,0.0694416664523523,Normal
75.3490104249501,0.7962944657350454,0.0752141375422015,0.0498357710392724,0.0551711333927362,Normal
75.34281487403014,0.7963599462047888,0.069607678222399,0.0402162722238496,0.0449712388918361,Normal
105.95029465835565,0.5663032858329873,0.0818202077461284,0.02923003517809,0.0730003886705817,Stress
72.05317621527894,0.8327183221005175,0.0947897982574639,0.0606667468958915,0.0609794853407318,Normal
115.90445776850108,0.4424317324374054,0.0811229036773291,0.0451568182232482,0.0534110442730581,Arrhythmia
95.00269823848367,0.6315610094503106,0.1133057490403904,0.0398478160619175,0.0567417210243726,Stress
103.82988984740928,0.5778682813607655,0.1182962020171608,0.0290240083040456,0.0845491705597409,Stress
126.93033663980496,0.472700235328803,0.1085555565902071,0.0506976035719864,0.0867892511822926,Stress
78.39798874467338,0.7653257559375412,0.0809568337489559,0.0471821539113949,0.0749314361545522,Normal
103.93797298216252,0.5772673670507024,0.1104870712641656,0.0320737465284773,0.0622782639612872,Stress
104.54740912141136,0.5739023138327775,0.1001840163078343,0.0467775010626803,0.0738563309187719,Stress
86.94629459846458,0.7786937417402946,0.0723630190900472,0.0407633155278402,0.0876290815738097,Arrhythmia
90.75534011870444,0.6611181217713727,0.0996242935502051,0.0584622575620274,0.0525770559055214,Stress
124.1167667557842,0.4834157508957493,0.0971196112607792,0.0410377032189823,0.0777441798277432,Stress
108.12549345889714,0.5151094694659271,0.0885628553391968,0.0249406394187775,0.0337556161313718,Arrhythmia
118.325570434792,0.507075518668768,0.1038897872935218,0.0394988471706346,0.080189561144661,Stress
70.4530627260263,0.8516308259489647,0.107553408424432,0.0328983160734337,0.0613944999409213,Normal
116.24365114780409,0.590033725608974,0.1279007662815223,0.0490478114662351,0.0370347342249476,Arrhythmia
75.30115104970513,0.7968005689633473,0.0746588582926437,0.0445508091319105,0.1011289130893789,Normal
80.91576690394703,0.7914273947700387,0.0945424466435278,0.0499946875136381,0.0656127280898027,Arrhythmia
85.25387325457797,0.6359512508781777,0.1255932106453868,0.0422763698837311,0.0323791079369245,Arrhythmia
106.25508016831036,0.5646788831645385,0.0848065392452315,0.0444609515099426,0.0502129428699826,Stress
80.7141140725751,0.7433644126484527,0.1017929718406382,0.0463638778778614,0.0651947903770852,Normal
67.82068924410281,0.8846857893768333,0.1067643731227528,0.0420170275546154,0.0742178713595406,Normal
77.94488148045404,0.7464729036685526,0.0977512525071912,0.0346893893358846,0.0645061584408188,Arrhythmia
65.4061439235048,0.917345013798283,0.0971161487808889,0.0521101746720261,0.0897609109845148,Normal
98.68937249401633,0.6020647720867861,0.1157110814971531,0.0460644213244254,0.0617137432280671,Arrhythmia
98.04764765355606,0.5878101927049414,0.1078539571199154,0.0256534543477298,0.038296989468844,Arrhythmia
81.6376232248825,0.7419995649589469,0.1241642884651311,0.0465771360821459,0.071292118517872,Arrhythmia
75.93227157384713,0.7901778618811323,0.0861544445577017,0.040016459592612,0.0515858827729451,Normal
76.25246425172938,0.7868598161224569,0.0893732090272682,0.0407676675388909,0.060616559477357,Normal
73.0734320156912,0.821091857121424,0.1014375404320692,0.0618839327344808,0.0534461602417634,Normal
95.6108485477136,0.5861998323042918,0.1283830834722,0.0434605135857802,0.0456848002177849,Arrhythmia
92.57515767461616,0.6481220395096537,0.0949019330680911,0.0340783636728191,0.0418579772718553,Stress
70.76603140965797,0.8478644175008994,0.1068714163507256,0.0492983428854135,0.0661143678126894,Normal
84.83357450579209,0.707267144518394,0.078727725796485,0.0388587743499168,0.0728191985752072,Stress
94.42576946891678,0.635419762396015,0.1075971229548417,0.0369717555604915,0.077592027567776,Stress
80.16232630275573,0.748481272529355,0.0925442084330121,0.0618901653110755,0.0501536530988875,Normal
98.05302703883318,0.6119137961568228,0.1137053614399671,0.0353433519647679,0.0643266045481619,Stress
74.30867849414408,0.8074427000438222,0.0843981895980303,0.0407783467582237,0.0640999178150896,Normal
104.24331203161984,0.5224568169968599,0.122431437797121,0.0642581886245293,0.1085343297269104,Arrhythmia
82.93008408072676,0.7235010149223303,0.0963278186610628,0.0451056055748177,0.0837747490900347,Normal
77.02025428407269,0.7790158648230745,0.0962284993234749,0.0560600995134564,0.0759022807813262,Normal
96.07528893939129,0.6245102217475585,0.1093791553751065,0.0433963991895516,0.0603453844192264,Stress
95.92007294734472,0.6167265013917188,0.1073144167562739,0.0143896306361058,0.0353495337046298,Arrhythmia
103.42386565416662,0.4868100613471345,0.1279367863173106,0.0249671881632779,0.0416499435797147,Arrhythmia
102.5316523803798,0.5851851463137197,0.0848552969081923,0.037909790423695,0.0828910274812462,Stress
77.46979420110364,0.7232860684944027,0.1057773952234461,0.0015649951180703,0.0678139184185628,Arrhythmia
79.11272456051594,0.7584114986977096,0.0997511973341775,0.0398789562473983,0.0766002167507999,Normal
105.36093788717191,0.6232713696524278,0.0789248246796787,0.0431090099409841,0.0724413998061209,Arrhythmia
65.43359877671101,0.9169601110393928,0.0981350963600063,0.0387451095270162,0.0936617991964521,Normal
81.35234398909921,0.754456721144096,0.0980867741191301,0.0212140983338032,0.0426341453624726,Arrhythmia
70.09245674476024,0.8560122270858382,0.0982940558118349,0.049668730271262,0.0586905311669998,Normal
104.79441518086064,0.5725495952856678,0.0975147138192555,0.0377172779759338,0.0637442306022618,Stress
108.74517074132524,0.5517486394197997,0.1120053165847387,0.066650560678066,0.0482068080742524,Stress
112.92702639618798,0.5667891579779064,0.1227083606041845,0.0316254736908095,0.0691456080923048,Arrhythmia
66.66156530694559,0.9614155348206872,0.1185438872374337,0.0153521678326874,0.0461891789536748,Arrhythmia
69.46832512996986,0.8637029881999407,0.0889123985154314,0.04967246729784,0.072947817545522,Normal
67.84929311019684,0.8843128240489038,0.0799191368908259,0.0533445678998702,0.0784586368007854,Normal
75.40396588677666,0.7653230158695812,0.1229043117190011,0.0239341948052642,0.0651076751134863,Arrhythmia
97.9414056911966,0.6126111788631707,0.087306695034533,0.04422556539274,0.0804418622239753,Stress
94.2964863358632,0.636290940749301,0.0962199210098178,0.0557431801271556,0.0898042590273842,Stress
71.69106767615806,0.8369243469916113,0.1000629280921444,0.0598432239847658,0.0789610010477478,Normal
96.83831658122412,0.5109559798298793,0.094617153004254,0.043451061387871,0.0559701693210496,Arrhythmia
80.7141140725751,0.7433644126484527,0.1017929718406382,0.0463638778778614,0.0651947903770852,Normal
76.87849009172837,0.7804523726781103,0.0979166269396293,0.0487421307990035,0.0756581781259678,Normal
71.99146693885301,0.8334321073213006,0.0898775322715308,0.0330753537028518,0.061672007099602,Normal
81.79396699451483,0.7335504341539474,0.1023144592252557,0.0472433965677808,0.0670983084925869,Stress
79.60642203306139,0.7440250629917233,0.1129358602397109,0.0375581064089155,0.090758638368251,Arrhythmia
79.32877597085061,0.7563459698665591,0.104415686206579,0.0538240974618405,0.0718836468020731,Normal
104.57686586053552,0.5737406596217604,0.0966921077567244,0.0443581583871118,0.0474164936984504,Stress
69.46832512996986,0.8637029881999407,0.0889123985154314,0.04967246729784,0.072947817545522,Normal
92.12575370459857,0.6495016070193951,0.1379136762157991,0.0713430808254216,0.0744312501025228,Arrhythmia
76.07046872065102,0.7887423465252248,0.0907736830764761,0.0527157883719537,0.0809144431545547,Normal
75.92316929266153,0.7902725947690304,0.0891087996048721,0.0502609105021083,0.0694223729574894,Normal
76.1898961038095,0.8317082656032337,0.0750293605352363,0.057102235577819,0.035246751553454,Arrhythmia
68.11165316021454,0.8809065294431477,0.0834935743087817,0.0456550377256768,0.0866227422510627,Normal
75.86590462925591,0.7908691037589289,0.1052312407726965,0.0391894345959173,0.0809896011582337,Normal
80.44475298483682,0.7458534929097179,0.0719511789933548,0.064533844771177,0.0528048191047196,Normal
107.78556231994496,0.5883968980188549,0.0941516015800007,0.0342404309207147,0.0472927522234874,Arrhythmia
79.11272456051594,0.7584114986977096,0.0997511973341775,0.0398789562473983,0.0766002167507999,Normal
86.68119564621342,0.7105560175352318,0.1141931883054925,0.0504330663634866,0.0511391195774303,Arrhythmia
103.8632331781156,0.5776827676556697,0.1042548993324023,0.0517893129005927,0.0767431060242286,Stress
79.65640059558099,0.7532351393157043,0.0799747063536219,0.0505921843401448,0.0867594374738219,Normal
115.0485675652711,0.6300660149861833,0.0612236568344714,0.0319629780542155,0.0769634842533333,Arrhythmia
88.51665520213287,0.6273520010601478,0.1025997794023574,0.0300702673330508,0.0762641037349595,Arrhythmia
89.57955587756896,0.6697956851003345,0.0888281353829299,0.0552698626331973,0.0834382217644557,Stress
91.13319077716542,0.658377035724659,0.1015805348992013,0.0463192796677195,0.0845526189790213,Stress
91.95684240340007,0.6524799942215233,0.0966713959561749,0.0281265565288928,0.0540788435321701,Stress
70.04731837434656,0.8565638398796122,0.0803507653941989,0.0501843393306539,0.070570052172523,Normal
109.92291212773588,0.6011911009019091,0.0778488027126205,0.0351899856166421,0.0730304398267901,Arrhythmia
91.20185646497946,0.657881345025464,0.0901770596574532,0.05074071220894,0.0761627856547255,Stress
97.95528779013878,0.6125243603851699,0.1119724692364522,0.0436300451055754,0.0585331164563735,Stress
94.69029102188036,0.6336446889379147,0.1044687250080269,0.0315787225151488,0.069002275944431,Stress
81.29214825292917,0.7257755374258653,0.1153072469879925,0.0305610490946081,0.0692641258419824,Arrhythmia
108.76046792529796,0.551671035851105,0.0871954442899753,0.0659584350180916,0.0504481360943053,Stress
112.05994516546816,0.5354277115824371,0.1060324750057139,0.0396854544864078,0.0571300638939979,Stress
80.85325643520926,0.8268376905227958,0.1347226144361243,0.0317756905526409,0.0716405313416945,Arrhythmia
112.30874513154735,0.5342415671168076,0.0751167264658701,0.0541377162138558,0.0739466170637263,Stress
90.65717207968665,0.7560633282445497,0.088192018451143,0.0222878077703673,0.0714411488342828,Arrhythmia
78.14814420961807,0.7677725505427359,0.0937730049304485,0.0418306432901276,0.0904621064496076,Normal
112.72353500106767,0.5322757133142755,0.1003003147916408,0.058313390619884,0.0676330434436789,Stress
98.12194092307182,0.6212032464336924,0.0918853539827476,0.0182323646492266,0.0974193035074356,Arrhythmia
78.45040153412037,0.7799040360477758,0.0926765030357099,0.0275725446282963,0.0553118439936735,Arrhythmia
72.48262172941901,0.8277846271066571,0.0724126051357688,0.0422169527459768,0.0546581115220239,Normal
65.23956100238749,0.9196873657350983,0.0924822058630033,0.0684670732573603,0.0841115678198232,Normal
94.69029102188036,0.6336446889379147,0.1044687250080269,0.0315787225151488,0.069002275944431,Stress
102.90710232539618,0.58207915564548,0.1195271553871243,0.0172318937997878,0.0639458453126241,Arrhythmia
70.08864029099277,0.856058838506398,0.0926684380289,0.059665408592786,0.0580559073196211,Stress
78.12833673882503,0.7679671999235541,0.0887208240851923,0.0517770100093325,0.0647702179838821,Normal
94.2964863358632,0.636290940749301,0.0962199210098178,0.0557431801271556,0.0898042590273842,Stress
104.99864123740372,0.5714359661506379,0.0871283643141575,0.0658604704953711,0.0623136007247576,Stress
76.28775195361382,0.7864958458401361,0.0912029563171189,0.0291807059211627,0.08574329072979,Normal
89.410924129434,0.6710589403274947,0.0958857339288399,0.0295103947494652,0.0353266212593778,Stress
119.04136589573008,0.5040264747344617,0.1095154977057404,0.0507374442100441,0.0581322742072626,Stress
80.26901026017451,0.747486480841399,0.0956296923669057,0.0453772471129495,0.0679061555776724,Normal
76.1898961038095,0.8317082656032337,0.0750293605352363,0.057102235577819,0.035246751553454,Arrhythmia
81.27478629077035,0.821299291307738,0.0990255018451807,0.0426001249655561,0.0341547460978876,Arrhythmia
90.39953704720536,0.6637202131761897,0.11503419828429,0.032064923747959,0.0730443636427578,Stress
72.67135123214871,0.8256348476076898,0.1009877685198719,0.0494441532908954,0.073287254914959,Normal
78.69233289997705,0.7624630988671262,0.0817777960443356,0.0466421530070987,0.0507954340199365,Normal
92.55624333563232,0.5948778408314825,0.1119596630694179,0.0502947768543505,0.0610986822199969,Arrhythmia
87.22068511683437,0.6692998733167539,0.1133730934393345,0.0403369883921806,0.0293778499488855,Arrhythmia
76.70575987408321,0.7822098379377683,0.1036687426744452,0.0597255444962673,0.0507551166371714,Normal
77.5751763360433,0.7734432950572947,0.0840760607576113,0.0522213377163371,0.0791916085759385,Normal
106.28843348747368,0.5806556505403968,0.0861214998720188,0.0353041295421526,0.0329785126758395,Arrhythmia
70.9886136538919,0.8452059691224938,0.0904698059376474,0.0359153870363644,0.0602959483344164,Normal
105.95029465835565,0.5663032858329873,0.0818202077461284,0.02923003517809,0.0730003886705817,Stress
93.62692252971205,0.6408413133621826,0.0905425393930322,0.0440860044249088,0.080027372805229,Stress
79.8342694537184,0.727811766465983,0.1250858265962715,0.0546828707617269,0.0508539668982642,Arrhythmia
72.27808637737408,0.8301271243780797,0.0799398261850029,0.0659318662663939,0.0879256994338726,Normal
62.970293436299706,0.9691200588816608,0.1352384300142798,0.0626673239537102,0.022401512297219,Arrhythmia
62.45691940345056,0.9694842521567464,0.093807929601567,0.0186406427132478,0.0522573870042097,Arrhythmia
99.51102816525896,0.6029482471064153,0.1049120766541199,0.0492584365862982,0.0404295641384597,Stress
98.83234084204751,0.6070887271191033,0.0883821615608763,0.0382506598120944,0.043461357141972,Stress
94.11133173261304,0.6375427793378871,0.0929237410517797,0.0438849117285705,0.0323440243033571,Stress
83.43812549514884,0.6844746838495438,0.1009962147029717,0.0439042075987432,0.054731035678355,Arrhythmia
103.8632331781156,0.5776827676556697,0.1042548993324023,0.0517893129005927,0.0767431060242286,Stress
88.94251832911362,0.7205544437246656,0.0885451394852038,0.051162879572499,0.067349633309486,Arrhythmia
100.43514668643466,0.5974004318162054,0.0941346873043606,0.034736307923341,0.0501506331117197,Stress
77.46979420110364,0.7232860684944027,0.1057773952234461,0.0015649951180703,0.0678139184185628,Arrhythmia
97.0016180372512,0.6185463831846435,0.1044300213044737,0.0538903712227989,0.0631691430181808,Stress
107.78556231994496,0.5883968980188549,0.0941516015800007,0.0342404309207147,0.0472927522234874,Arrhythmia
75.45880388267751,0.7951358478102477,0.1118980293321767,0.0593567839314746,0.0462414576477141,Normal
74.702373219691,0.8031873341365873,0.1107540079864543,0.0348425588500276,0.1043641385888611,Normal
88.48985916380494,0.6780437958312611,0.0966374526131892,0.0609058207261785,0.0681910966378649,Stress
65.23956100238749,0.9196873657350983,0.0924822058630033,0.0684670732573603,0.0841115678198232,Normal
79.42482216362387,0.830065770508691,0.1157738725855971,0.0592246569250565,0.0699937022060586,Arrhythmia
72.79977756651508,0.8241783423744629,0.0712920807897414,0.0565854427267283,0.0789213151249793,Normal
68.9609209230046,0.8744783307354882,0.0783761859593573,0.0350707228637652,0.0762279310898318,Arrhythmia
84.48396491326974,0.7101939410821367,0.097575077100473,0.0677080063563551,0.0874124018106778,Normal
128.69564006481477,0.4588361307680212,0.1157424833040364,0.0488772120061206,0.0565129148419432,Arrhythmia
124.1167667557842,0.4834157508957493,0.0971196112607792,0.0410377032189823,0.0777441798277432,Stress
102.4132193491678,0.5858618680410377,0.1115907406495589,0.0421561535039349,0.0688799172178308,Stress
94.64664912983775,0.6339368646605866,0.1118349366688992,0.0572082129881304,0.0500920598774772,Stress
103.93797298216252,0.5772673670507024,0.1104870712641656,0.0320737465284773,0.0622782639612872,Stress
85.71972044662662,0.6999556191665254,0.0834816389219784,0.0496531511261321,0.0663376504706402,Normal
115.53322416952857,0.5532248971839506,0.0926573956857819,0.0492550892436504,0.0903856784728353,Arrhythmia
71.42348145370016,0.8400598623702575,0.0925972250172148,0.0457981318290414,0.0690379248011051,Normal
86.94629459846458,0.7786937417402946,0.0723630190900472,0.0407633155278402,0.0876290815738097,Arrhythmia
115.62888768508198,0.5189014717793656,0.0826879869655507,0.0502225063601777,0.0347226820341704,Stress
103.42386565416662,0.4868100613471345,0.1279367863173106,0.0249671881632779,0.0416499435797147,Arrhythmia
98.04979128790929,0.6363933464923136,0.1071096265856896,0.0250290905902838,0.0723942289193227,Arrhythmia
92.4171793111241,0.6492299423899199,0.1020438903160297,0.0237126590558518,0.0337028351244337,Stress
71.6153899984702,0.8378087447583777,0.0985765962320202,0.0473111130944517,0.0512269086371433,Normal
108.0062086191664,0.5812190125329937,0.1067386607211247,0.049756751388042,0.0840015791285372,Arrhythmia
95.82867906796446,0.5725104140932484,0.120925684960074,0.0160281347217437,0.0597232450781152,Arrhythmia
96.48585764286268,0.6218527923759236,0.1108269105388707,0.0626118812486737,0.044756356826727,Stress
75.33764102343962,0.7964146366267607,0.0818177931676652,0.0688202449647503,0.0719945451122031,Normal
72.57882963566874,0.8266873453483342,0.0858812303387753,0.0442925370625052,0.0851472563401395,Normal
95.92007294734472,0.6167265013917188,0.1073144167562739,0.0143896306361058,0.0353495337046298,Arrhythmia
107.5792184992362,0.5577285356504611,0.1152323862171225,0.0275236349017173,0.066465055651225,Stress
92.88073674735048,0.6092601290497862,0.0763312361555809,0.0703540932884446,0.033227884005535,Arrhythmia
99.37995990633968,0.6037434514619126,0.1131830232485266,0.058845320475939,0.0810465718247577,Stress
105.36093788717191,0.6232713696524278,0.0789248246796787,0.0431090099409841,0.0724413998061209,Arrhythmia
106.25508016831036,0.5646788831645385,0.0848065392452315,0.0444609515099426,0.0502129428699826,Stress
94.94253295738064,0.6319612309788889,0.095368386379146,0.03595931710264,0.070272198505283,Stress
69.61127611035347,0.8619293216932714,0.0904808494666138,0.0447713997284673,0.0586858622497096,Normal
117.38851351853332,0.511123262418066,0.0969914025285917,0.0649155330220473,0.069215138754227,Stress
60.36800150469193,1.047906433640898,0.0916123081682715,0.0598195604840951,0.0696537577441842,Arrhythmia
80.05648623673578,0.797236075604868,0.1201745004645986,0.0495758788841257,0.0765946483575834,Arrhythmia
115.08858580256556,0.5670167695357397,0.1378493060012866,0.0343720542951409,0.0483989351725991,Arrhythmia
77.06390463468249,0.778574616539701,0.0877903040046677,0.0429682357487411,0.0532049515806078,Normal
73.67671583381022,0.8143685467107373,0.1207888080845523,0.0492556657089995,0.0925113968595146,Normal
76.16126848580502,0.787802004783873,0.0950404651551784,0.0605364179660784,0.0739101064873586,Normal
67.42576387657067,0.8898675602672557,0.0988163975694945,0.03339039066484,0.0670547522637253,Normal
72.76742523966489,0.8245447712679893,0.0899202735868338,0.0542961821913258,0.068925981108789,Normal
110.90980425185968,0.5409801270927224,0.0913961498922049,0.035620744234636,0.0542133582282622,Stress
66.93642064405174,0.8963729972814414,0.0957059866859316,0.0463716143956034,0.0528549263090427,Normal
96.20698646177247,0.5756833693059235,0.0969999483835308,0.0360566375618759,0.0591304610037227,Arrhythmia
106.28843348747368,0.5806556505403968,0.0861214998720188,0.0353041295421526,0.0329785126758395,Arrhythmia
75.3490104249501,0.7962944657350454,0.0752141375422015,0.0498357710392724,0.0551711333927362,Normal
51.134365617826354,1.158609109523062,0.1374887618634163,0.0454544782393745,0.0706925817224487,Arrhythmia
92.81167612391268,0.6464703850396378,0.0894985926039785,0.0500274480749081,0.0590015140680329,Stress
96.55407254619524,0.6174313873511309,0.1153825388249021,0.0696466087677322,0.0556596589915125,Arrhythmia
113.4226679509028,0.5390527691442167,0.1203235657422991,0.0362269167093325,0.0559403872520868,Arrhythmia
94.2386992573245,0.5558655833122041,0.1651932007782215,0.0486280752415985,0.0814308630446977,Arrhythmia
85.61078098506317,0.7008463105887145,0.101677820616598,0.0436261287269348,0.0604155737846574,Normal
82.32824384460777,0.7287899899000433,0.0909699596499271,0.0420952554455468,0.0861044762478965,Normal
90.15528929765073,0.6564943612291576,0.0739788453169452,0.0329493677836074,0.0574909147999419,Arrhythmia
89.86321505033695,0.7489153537112698,0.0874646506218038,0.0453342002317849,0.0848935916147357,Arrhythmia
67.42576387657067,0.8898675602672557,0.0988163975694945,0.03339039066484,0.0670547522637253,Normal
113.4147591553088,0.5290316749501422,0.1044921872128503,0.0391072834821069,0.0764604467235929,Stress
87.37560364956887,0.65439232585985,0.1334624927517328,0.0507963691322227,0.0533738323363335,Arrhythmia
70.9886136538919,0.8452059691224938,0.0904698059376474,0.0359153870363644,0.0602959483344164,Normal
79.06758608684835,0.7588444642042772,0.0729661756064484,0.0666547444446257,0.0733667772783995,Normal
82.89606407753696,0.7237979350126793,0.1027766489578842,0.0422621080089642,0.0496021578853012,Normal
74.63585543671563,0.8039031595326793,0.079184519963856,0.0545918007922843,0.0735818373853977,Normal
122.47503517351626,0.5322668402865364,0.0912019379778227,0.0474661463363709,0.0598695736954108,Arrhythmia
71.63552645565952,0.8746796146572797,0.107252564232012,0.0197099457123469,0.0420986031544679,Arrhythmia
73.42365377679828,0.8171753503631806,0.0842322866943166,0.0603184453946863,0.0722562835771536,Normal
91.10759171771676,0.6585620239628441,0.0892914758131556,0.0439656877570971,0.0805413147656938,Stress
70.40287882883098,0.852237877173698,0.1050235705209602,0.0602915563732564,0.0627522030655094,Normal
88.69796275326075,0.6764529661961628,0.0937226609391549,0.0573958400644156,0.0671457315481842,Stress
76.50773671166806,0.7842344131302672,0.0825151346344344,0.0610330188201652,0.0729686617519397,Normal
70.95753198553406,0.8455761963681608,0.082408673384463,0.0377787219110805,0.0699459619136414,Normal
112.95871781863016,0.5311675022404005,0.1072147932375734,0.0228318116064593,0.0472395416266616,Stress
88.93706487588366,0.6746343617673143,0.1143633540570597,0.0320078363655417,0.0620691447323446,Stress
105.95029465835565,0.5663032858329873,0.0818202077461284,0.02923003517809,0.0730003886705817,Stress
76.30527636089944,0.7863152177867658,0.1035387237416541,0.0374888642361469,0.0796126429190051,Normal
95.49987142004188,0.6282730972076286,0.1090039858839506,0.0500024046943657,0.0748246337633253,Stress
88.6008458329481,0.6771944379981046,0.1011957491143457,0.0562067209755067,0.0827533261317024,Normal
88.32220448732065,0.6793308698336835,0.0939717934421603,0.0608862692804359,0.0675208970895023,Stress
120.20080871289936,0.5427295597070751,0.1337782674294928,0.0412797721384753,0.0591435323737685,Arrhythmia
73.45187451417476,0.8572642756424934,0.1347789270587887,0.0341935044628839,0.0739580654507805,Arrhythmia
88.93706487588366,0.6746343617673143,0.1143633540570597,0.0320078363655417,0.0620691447323446,Stress
78.12833673882503,0.7679671999235541,0.0887208240851923,0.0517770100093325,0.0647702179838821,Normal
79.10951252187611,0.7584422920493693,0.0823265243711195,0.0422218331240912,0.041656889035817,Normal
71.53545202369673,0.8387449621500187,0.0848998360114525,0.0564870988758964,0.076607121069406,Normal
98.04764765355606,0.5878101927049414,0.1078539571199154,0.0256534543477298,0.038296989468844,Arrhythmia
86.00693825198059,0.6976181366230452,0.08602881814887,0.0348524050681414,0.0709372967164388,Stress
98.37490368782584,0.6088432870428551,0.107313825170589,0.0233281306459445,0.0615191053583217,Arrhythmia
90.73301691152687,0.6612807778507527,0.1041960997202411,0.0442433439567417,0.0808605245806733,Stress
99.72420650765788,0.5356582117373022,0.103678542879459,0.0617274884483938,0.0207474861665484,Arrhythmia
86.3168496116719,0.6951134137764767,0.1088140752892357,0.0482078572593268,0.048539475215434,Stress
76.87849009172837,0.7804523726781103,0.0979166269396293,0.0487421307990035,0.0756581781259678,Normal
74.77864903960699,0.7795132530636744,0.1118568980228223,0.0436592979686275,0.0737941561049038,Arrhythmia
81.80633327621275,0.7418625955709993,0.0672865157204261,0.0533033108514595,0.0072850452196624,Arrhythmia
77.80392263184117,0.7711693443004513,0.1090941664047013,0.0448395527178262,0.0265561693270946,Normal
80.87745024580224,0.7418631499589611,0.0978433236245236,0.0420251779912615,0.044146671122698,Stress
85.46295470267808,0.7232385260114187,0.1193538634353086,0.0256909087090503,0.0783690888788482,Arrhythmia
78.87317026714669,0.7607149528385574,0.0857901551917973,0.0563293181775551,0.0651275292473706,Normal
74.4217585880588,0.8062158317450347,0.0924496657110872,0.0474040864863639,0.0797530176693799,Normal
75.56758672625624,0.7939912150079655,0.0933849640749441,0.0752693242587362,0.0726984122673021,Normal
106.85507738790204,0.5615081797394599,0.1073562199724574,0.0493477006455689,0.0460325238956755,Stress
88.51665520213287,0.6273520010601478,0.1025997794023574,0.0300702673330508,0.0762641037349595,Arrhythmia
112.92702639618798,0.5667891579779064,0.1227083606041845,0.0316254736908095,0.0691456080923048,Arrhythmia
102.26649448800433,0.508542881510782,0.1546260029238526,0.0490677298953305,0.0709452959475593,Arrhythmia
73.0394592343392,0.8214737708763217,0.1017944012072128,0.0559310125796838,0.0549756998515762,Normal
66.18479922318633,0.906552572557784,0.0878655284828815,0.0569620636481341,0.0736500917398403,Normal
65.4061439235048,0.917345013798283,0.0971161487808889,0.0521101746720261,0.0897609109845148,Normal
80.85731696761076,0.7207299922955258,0.1066371236283042,0.0714958268374977,0.0554040073884961,Arrhythmia
79.58930973527389,0.7538700888293804,0.0884432276460792,0.0444452288083974,0.0376991482959442,Normal
100.77480518518864,0.5953869113390109,0.0892468760695076,0.0564644087040072,0.0800244773781284,Stress
70.9886136538919,0.8452059691224938,0.0904698059376474,0.0359153870363644,0.0602959483344164,Normal
76.80818012523817,0.7811667963251844,0.0909767609854883,0.0234903019160698,0.0693976307403348,Normal
78.79484610246634,0.7614711236566772,0.0975539122582575,0.0351443962696302,0.0754744150369933,Normal
86.79835693604689,0.659079833038418,0.1006937908643989,0.0104484427343224,0.0711102529268449,Arrhythmia
98.99893094994307,0.6487058344240092,0.1491669490844119,0.0551127053475538,0.0373822312934816,Arrhythmia
68.81524644560959,0.8718998056255308,0.0936659824609684,0.0518676676447707,0.0797848431762013,Normal
78.87317026714669,0.7607149528385574,0.0857901551917973,0.0563293181775551,0.0651275292473706,Normal
79.12972981397931,0.7582485134354674,0.0868286808005341,0.0455225849049748,0.0532699476123344,Stress
124.1167667557842,0.4834157508957493,0.0971196112607792,0.0410377032189823,0.0777441798277432,Stress
99.72420650765788,0.5356582117373022,0.103678542879459,0.0617274884483938,0.0207474861665484,Arrhythmia
99.51102816525896,0.6029482471064153,0.1049120766541199,0.0492584365862982,0.0404295641384597,Stress
115.0485675652711,0.6300660149861833,0.0612236568344714,0.0319629780542155,0.0769634842533333,Arrhythmia
107.68207216631735,0.5571958153566051,0.1228165183653884,0.0499619918736331,0.0688579845553389,Stress
77.2421931868605,0.6966792389459064,0.10793556494135,0.0566903256248488,0.0410330399155159,Arrhythmia
104.54740912141136,0.5739023138327775,0.1001840163078343,0.0467775010626803,0.0738563309187719,Stress
75.3490104249501,0.7962944657350454,0.0752141375422015,0.0498357710392724,0.0551711333927362,Normal
97.61986990368815,0.5962775771194052,0.1184812208892818,0.0360002150614837,0.0590917756413552,Arrhythmia
107.85969412179512,0.578896822274819,0.1031361544900517,0.0165363758243342,0.0538303442308836,Arrhythmia
94.68785705392402,0.6336609768856681,0.0939349661178426,0.0619572287781086,0.0698312346615047,Stress
78.90911435888655,0.7603684376321092,0.0966967254883003,0.0427425618684653,0.0832548990623,Normal
104.1486550036191,0.5760996145165297,0.1061021616958922,0.0520607891381513,0.0575460196232303,Stress
108.76046792529796,0.551671035851105,0.0871954442899753,0.0659584350180916,0.0504481360943053,Stress
98.14947043554582,0.611143796022783,0.0797257121477434,0.0568815217662215,0.0545668977934789,Arrhythmia
126.93033663980496,0.472700235328803,0.1085555565902071,0.0506976035719864,0.0867892511822926,Stress
91.79370552621228,0.5475468445622369,0.1204224485675867,0.0585367328773323,0.0414915074788082,Arrhythmia
77.80392263184117,0.7711693443004513,0.1090941664047013,0.0448395527178262,0.0265561693270946,Normal
77.46979420110364,0.7232860684944027,0.1057773952234461,0.0015649951180703,0.0678139184185628,Arrhythmia
89.9089363269016,0.6891698858103947,0.1012722821894686,0.0703646443493027,0.0501375435520045,Arrhythmia
94.42576946891678,0.635419762396015,0.1075971229548417,0.0369717555604915,0.077592027567776,Stress
88.52308610184332,0.6777892936422448,0.1077192015483667,0.0481313214001315,0.0774234453527693,Stress
71.73335383713145,0.8364309876857048,0.08796954613957,0.0745530013991089,0.0483992367610855,Normal
71.74199826197092,0.8363302034173318,0.0778898380023754,0.0423220243489587,0.0768030145227097,Normal
68.11165316021454,0.8809065294431477,0.0834935743087817,0.0456550377256768,0.0866227422510627,Normal
77.4118549899149,0.8058434580856302,0.0838235920176177,0.065117386500213,0.08820918290407,Arrhythmia
84.26139092254469,0.7120698975305736,0.0810274562851416,0.0652955031946061,0.0982173560416088,Normal
74.82086980445024,0.8019152965852221,0.1045114360779504,0.0465731240591965,0.0826096532348308,Normal
72.49121478207732,0.8276865021557669,0.091503937864762,0.0571299843017238,0.0526245296621118,Normal
87.79496997557267,0.7605726271113418,0.1382186475949254,0.056714825420033,0.0587561796600137,Arrhythmia
95.12797078805072,0.630729316550677,0.0981415424780725,0.056059004243573,0.0740464202742325,Stress
98.48264468447316,0.6348045322994499,0.0830825815305357,0.058179159780796,0.0468433089229572,Arrhythmia
74.3278620896845,0.7604623686048188,0.0496097568835834,0.0399160597175643,0.0681952559191899,Arrhythmia
68.69558022832477,0.8734186362583574,0.090865897874729,0.0437685947357523,0.0551291147581554,Normal
87.58239424518376,0.6850691913266513,0.0905449312005726,0.0550713333647315,0.0756582365344667,Stress
76.78507742982524,0.7814018297348816,0.1003753994425789,0.0638215899103752,0.0461050939970249,Normal
96.64862218828549,0.6208055390909901,0.0965745079914223,0.0313417584458456,0.0599131658109494,Stress
76.92658689864419,0.7799644104716869,0.0953891004368465,0.060531528533329,0.0687892512983712,Normal
104.63288530118106,0.573433484389661,0.1015697296096843,0.0425731872318796,0.0622614653843068,Stress
88.97707850163576,0.6743309738911798,0.09540909689781,0.0465669372824652,0.052804784416098,Stress
82.0139715546805,0.7315826664972163,0.0875103585152092,0.0365181457789428,0.0696346811160852,Normal
72.57882963566874,0.8266873453483342,0.0858812303387753,0.0442925370625052,0.0851472563401395,Normal
82.61514928204012,0.7262590520192103,0.0961037026543346,0.0635563785880495,0.0891767779391094,Normal
74.2963352597709,0.8251083496386546,0.0964964345005123,0.0557792142658437,0.0224689458791625,Arrhythmia
66.96258382719387,0.8960227722818795,0.0693255789996012,0.0437518142230432,0.0861802125014694,Normal
70.95753198553406,0.8455761963681608,0.082408673384463,0.0377787219110805,0.0699459619136414,Normal
100.16888807008904,0.6191748846016476,0.0905668653091742,0.014112899068141,0.0674421094521372,Arrhythmia
72.60412881077355,0.8263992831093202,0.0951934651424117,0.0442633799311976,0.0796408413980131,Normal
76.00098061390206,0.7642247518480468,0.1069745343269297,0.0447947773887846,0.0730227248364731,Arrhythmia
76.78893680174141,0.7813625568864411,0.0992617754753164,0.0593828380597599,0.0849701516478947,Normal
96.92191528861116,0.6190550384949968,0.0824817119324828,0.0316327456112406,0.0652641987790048,Stress
75.45880388267751,0.7951358478102477,0.1118980293321767,0.0593567839314746,0.0462414576477141,Normal
79.32877597085061,0.7563459698665591,0.104415686206579,0.0538240974618405,0.0718836468020731,Normal
77.31051737131635,0.7760910422035427,0.0678886469099211,0.0679455786351778,0.0657898738469984,Normal
101.99810433718712,0.58824622663232,0.105540577711159,0.0343376506810077,0.0620557902291809,Stress
57.70664110571276,1.0440488746650702,0.1097109545824344,0.0488282990465607,0.0216065368760468,Arrhythmia
76.40495933867517,0.785289338798572,0.0983033581654424,0.0559065483069231,0.0782507814853682,Normal
